school_id,school_name,department_id,department_name
1,國立臺灣大學,1012,中國文學系
1,國立臺灣大學,1022,外國語文學系
1,國立臺灣大學,1032,歷史學系
1,國立臺灣大學,1042,哲學系
1,國立臺灣大學,1052,人類學系
1,國立臺灣大學,1062,圖書資訊學系
1,國立臺灣大學,1072,日本語文學系
1,國立臺灣大學,1082,戲劇學系
1,國立臺灣大學,1092,數學系
1,國立臺灣大學,1102,物理學系
1,國立臺灣大學,1112,化學系
1,國立臺灣大學,1122,地質科學系
1,國立臺灣大學,1132,心理學系
1,國立臺灣大學,1142,地理環境資源學系
1,國立臺灣大學,1152,大氣科學系
1,國立臺灣大學,1162,政治學系政治理論組
1,國立臺灣大學,1172,政治學系國際關係組
1,國立臺灣大學,1182,政治學系公共行政組
1,國立臺灣大學,1192,經濟學系
1,國立臺灣大學,1202,社會學系
1,國立臺灣大學,1212,社會工作學系
1,國立臺灣大學,1222,醫學系
1,國立臺灣大學,1232,醫學系(公費生)
1,國立臺灣大學,1242,牙醫學系
1,國立臺灣大學,1252,藥學系
1,國立臺灣大學,1262,醫學檢驗暨生物技術學系
1,國立臺灣大學,1272,護理學系
1,國立臺灣大學,1282,物理治療學系
1,國立臺灣大學,1292,職能治療學系
1,國立臺灣大學,1302,土木工程學系
1,國立臺灣大學,1312,機械工程學系
1,國立臺灣大學,1322,化學工程學系
1,國立臺灣大學,1332,工程科學及海洋工程學系
1,國立臺灣大學,1342,材料科學與工程學系
1,國立臺灣大學,1352,醫學工程學系
1,國立臺灣大學,1362,農藝學系
1,國立臺灣大學,1372,生物環境系統工程學系
1,國立臺灣大學,1382,農業化學系
1,國立臺灣大學,1392,森林環境暨資源學系
1,國立臺灣大學,1402,動物科學技術學系
1,國立臺灣大學,1412,農業經濟學系
1,國立臺灣大學,1422,園藝暨景觀學系
1,國立臺灣大學,1432,獸醫學系
1,國立臺灣大學,1442,生物產業傳播暨發展學系
1,國立臺灣大學,1452,生物機電工程學系
1,國立臺灣大學,1462,昆蟲學系
1,國立臺灣大學,1472,植物病理與微生物學系
1,國立臺灣大學,1482,工商管理學系企業管理組
1,國立臺灣大學,1492,工商管理學系科技管理組
1,國立臺灣大學,1502,會計學系
1,國立臺灣大學,1512,財務金融學系
1,國立臺灣大學,1522,國際企業學系
1,國立臺灣大學,1532,資訊管理學系
1,國立臺灣大學,1542,公共衛生學系
1,國立臺灣大學,1552,電機工程學系
1,國立臺灣大學,1562,資訊工程學系
1,國立臺灣大學,1572,法律學系法學組
1,國立臺灣大學,1582,法律學系司法組
1,國立臺灣大學,1592,法律學系財經法學組
1,國立臺灣大學,1602,生命科學系
1,國立臺灣大學,1612,生化科技學系
1,國立臺灣大學,1622,醫學系(繁星第八類)
2,國立臺灣師範大學,2012,教育學系
2,國立臺灣師範大學,2022,教育心理與輔導學系
2,國立臺灣師範大學,2032,社會教育學系
2,國立臺灣師範大學,2042,健康促進與衛生教育學系
2,國立臺灣師範大學,2052,人類發展與家庭學系家庭生活教育組
2,國立臺灣師範大學,2062,人類發展與家庭學系幼兒發展與教育組
2,國立臺灣師範大學,2072,公民教育與活動領導學系
2,國立臺灣師範大學,2082,特殊教育學系
2,國立臺灣師範大學,2092,學習科學學士學位學程
2,國立臺灣師範大學,2102,教育學院學士班
2,國立臺灣師範大學,2112,國文學系
2,國立臺灣師範大學,2122,英語學系
2,國立臺灣師範大學,2132,歷史學系
2,國立臺灣師範大學,2142,地理學系
2,國立臺灣師範大學,2152,臺灣語文學系
2,國立臺灣師範大學,2162,數學系
2,國立臺灣師範大學,2172,物理學系
2,國立臺灣師範大學,2182,化學系
2,國立臺灣師範大學,2192,生命科學系
2,國立臺灣師範大學,2202,地球科學系
2,國立臺灣師範大學,2212,資訊工程學系
2,國立臺灣師範大學,2222,資訊工程學系(APCS組)
2,國立臺灣師範大學,2232,營養科學學士學位學程
2,國立臺灣師範大學,2242,科技應用與人力資源發展學系
2,國立臺灣師範大學,2252,圖文傳播學系
2,國立臺灣師範大學,2262,機電工程學系
2,國立臺灣師範大學,2272,電機工程學系
2,國立臺灣師範大學,2282,光電工程學士學位學程
2,國立臺灣師範大學,2292,華語文教學系應用華語文學組
2,國立臺灣師範大學,2302,東亞學系
2,國立臺灣師範大學,2312,企業管理學系
2,國立臺灣師範大學,2322,設計學系產品設計組
2,國立臺灣師範大學,2332,不分系招生(晨光組)
2,國立臺灣師範大學,2342,音樂學系
2,國立臺灣師範大學,2352,表演藝術學士學位學程
2,國立臺灣師範大學,2362,設計學系視覺設計組
2,國立臺灣師範大學,2372,美術學系西畫組
2,國立臺灣師範大學,2382,美術學系國畫組
2,國立臺灣師範大學,2392,體育學系
3,國立中興大學,3012,中國文學系
3,國立中興大學,3022,外國語文學系
3,國立中興大學,3032,歷史學系
3,國立中興大學,3042,財務金融學系
3,國立中興大學,3052,企業管理學系
3,國立中興大學,3062,資訊管理學系
3,國立中興大學,3072,會計學系
3,國立中興大學,3082,行銷學系
3,國立中興大學,3092,應用經濟學系
3,國立中興大學,3102,法律學系
3,國立中興大學,3112,化學系
3,國立中興大學,3122,物理學系一般物理組
3,國立中興大學,3132,物理學系光電物理組
3,國立中興大學,3142,應用數學系應用數學組
3,國立中興大學,3152,應用數學系數據科學與計算組
3,國立中興大學,3162,機械工程學系
3,國立中興大學,3172,土木工程學系
3,國立中興大學,3182,環境工程學系
3,國立中興大學,3192,化學工程學系
3,國立中興大學,3202,材料科學與工程學系
3,國立中興大學,3212,電機工程學系
3,國立中興大學,3222,資訊科學與工程學系
3,國立中興大學,3232,資訊科學與工程學系(APCS組)
3,國立中興大學,3242,生物產業機電工程學系
3,國立中興大學,3252,水土保持學系
3,國立中興大學,3262,食品暨應用生物科技學系
3,國立中興大學,3272,農藝學系
3,國立中興大學,3282,園藝學系
3,國立中興大學,3292,森林學系林學組
3,國立中興大學,3302,森林學系木材科學組
3,國立中興大學,3312,植物病理學系
3,國立中興大學,3322,昆蟲學系
3,國立中興大學,3332,動物科學系
3,國立中興大學,3342,土壤環境科學系
3,國立中興大學,3352,生物科技學士學位學程
3,國立中興大學,3362,景觀與遊憩學士學位學程
3,國立中興大學,3372,國際農企業學士學位學程
3,國立中興大學,3382,生命科學系
3,國立中興大學,3392,獸醫學系
3,國立中興大學,3402,興翼招生A組(商學管理)
3,國立中興大學,3412,興翼招生B組(文史法律)
3,國立中興大學,3422,興翼招生C組(電資物理)
3,國立中興大學,3432,興翼招生D組(化學材料)
3,國立中興大學,3442,興翼招生E組(工程相關)
3,國立中興大學,3452,興翼招生F組(農業科技)
3,國立中興大學,3462,興翼招生G組(植物醫學)
3,國立中興大學,3472,興翼招生H組(生技獸醫)
4,國立成功大學,4012,中國文學系
4,國立成功大學,4022,外國語文學系
4,國立成功大學,4032,歷史學系
4,國立成功大學,4042,台灣文學系
4,國立成功大學,4052,數學系
4,國立成功大學,4062,物理學系
4,國立成功大學,4072,化學系
4,國立成功大學,4082,地球科學系
4,國立成功大學,4092,光電科學與工程學系
4,國立成功大學,4102,機械工程學系
4,國立成功大學,4112,化學工程學系
4,國立成功大學,4122,材料科學及工程學系
4,國立成功大學,4132,資源工程學系
4,國立成功大學,4142,土木工程學系
4,國立成功大學,4152,水利及海洋工程學系
4,國立成功大學,4162,工程科學系
4,國立成功大學,4172,系統及船舶機電工程學系
4,國立成功大學,4182,航空太空工程學系
4,國立成功大學,4192,環境工程學系
4,國立成功大學,4202,測量及空間資訊學系
4,國立成功大學,4212,生物醫學工程學系
4,國立成功大學,4222,能源工程國際學士學位學程
4,國立成功大學,4232,工業與資訊管理學系
4,國立成功大學,4242,工業與資訊管理學系(APCS組)
4,國立成功大學,4252,交通管理科學系
4,國立成功大學,4262,統計學系
4,國立成功大學,4272,會計學系
4,國立成功大學,4282,醫學系
4,國立成功大學,4292,醫學檢驗生物技術學系
4,國立成功大學,4302,護理學系
4,國立成功大學,4312,職能治療學系
4,國立成功大學,4322,物理治療學系
4,國立成功大學,4332,藥學系
4,國立成功大學,4342,牙醫學系
4,國立成功大學,4352,政治學系
4,國立成功大學,4362,經濟學系
4,國立成功大學,4372,法律學系
4,國立成功大學,4382,心理學系
4,國立成功大學,4392,電機工程學系
4,國立成功大學,4402,資訊工程學系
4,國立成功大學,4412,資訊工程學系(APCS組)
4,國立成功大學,4422,建築學系
4,國立成功大學,4432,都市計劃學系
4,國立成功大學,4442,工業設計學系
4,國立成功大學,4452,生命科學系
4,國立成功大學,4462,生物科技與產業科學系
4,國立成功大學,4472,全校不分系學士學位學程
4,國立成功大學,4482,醫學系(公費生)
4,國立成功大學,4492,成星招生甲組(文社)
4,國立成功大學,4502,成星招生乙組(管理)
4,國立成功大學,4512,成星招生丙組(理)
4,國立成功大學,4522,成星招生丁組(工)
4,國立成功大學,4532,成星招生戊組(生醫)
4,國立成功大學,4542,醫學系(繁星第八類)
5,東吳大學,5012,中國文學系
5,東吳大學,5022,歷史學系
5,東吳大學,5032,哲學系
5,東吳大學,5042,政治學系
5,東吳大學,5052,社會學系
5,東吳大學,5062,社會工作學系
5,東吳大學,5072,英文學系
5,東吳大學,5082,日本語文學系
5,東吳大學,5092,德國文化學系
5,東吳大學,5102,數學系
5,東吳大學,5112,物理學系
5,東吳大學,5122,化學系
5,東吳大學,5132,微生物學系應用微生物組
5,東吳大學,5142,微生物學系生物科技組
5,東吳大學,5152,心理學系
5,東吳大學,5162,法律學系
5,東吳大學,5172,經濟學系
5,東吳大學,5182,會計學系
5,東吳大學,5192,企業管理學系
5,東吳大學,5202,國際經營與貿易學系
5,東吳大學,5212,財務工程與精算數學系
5,東吳大學,5222,資訊管理學系
5,東吳大學,5232,巨量資料管理學院學士學位學程
5,東吳大學,5242,音樂學系
6,國立政治大學,6012,中國文學系
6,國立政治大學,6022,歷史學系
6,國立政治大學,6032,哲學系
6,國立政治大學,6042,教育學系
6,國立政治大學,6052,教育學系(公費生甲組)
6,國立政治大學,6062,教育學系(公費生乙組)
6,國立政治大學,6072,政治學系
6,國立政治大學,6082,社會學系
6,國立政治大學,6092,財政學系
6,國立政治大學,6102,公共行政學系
6,國立政治大學,6112,地政學系土地資源規劃組
6,國立政治大學,6122,地政學系土地管理組
6,國立政治大學,6132,地政學系土地測量與資訊組
6,國立政治大學,6142,經濟學系
6,國立政治大學,6152,民族學系
6,國立政治大學,6162,外交學系
6,國立政治大學,6172,國際經營與貿易學系
6,國立政治大學,6182,金融學系
6,國立政治大學,6192,會計學系
6,國立政治大學,6202,統計學系
6,國立政治大學,6212,企業管理學系
6,國立政治大學,6222,資訊管理學系
6,國立政治大學,6232,財務管理學系
6,國立政治大學,6242,風險管理與保險學系
6,國立政治大學,6252,傳播學院大一大二不分系(社會組)
6,國立政治大學,6262,傳播學院大一大二不分系(自然組)
6,國立政治大學,6272,傳播學院大一大二不分系(青年儲蓄帳戶組)
6,國立政治大學,6282,英國語文學系
6,國立政治大學,6292,阿拉伯語文學系
6,國立政治大學,6302,斯拉夫語文學系
6,國立政治大學,6312,日本語文學系
6,國立政治大學,6322,韓國語文學系
6,國立政治大學,6332,土耳其語文學系
6,國立政治大學,6342,歐洲語文學系法文組
6,國立政治大學,6352,歐洲語文學系德文組
6,國立政治大學,6362,歐洲語文學系西班牙文組
6,國立政治大學,6372,法律學系
6,國立政治大學,6382,應用數學系
6,國立政治大學,6392,心理學系
6,國立政治大學,6402,資訊科學系
6,國立政治大學,6412,資訊科學系(APCS組)
6,國立政治大學,6422,資訊科學系(青年儲蓄帳戶組)
6,國立政治大學,6432,政星招生甲組
6,國立政治大學,6442,政星招生乙組
7,高雄醫學大學,7012,醫學系
7,高雄醫學大學,7022,運動醫學系
7,高雄醫學大學,7032,呼吸治療學系
7,高雄醫學大學,7042,牙醫學系
7,高雄醫學大學,7052,口腔衛生學系
7,高雄醫學大學,7062,藥學系
7,高雄醫學大學,7072,香粧品學系
7,高雄醫學大學,7082,護理學系
7,高雄醫學大學,7092,醫學檢驗生物技術學系
7,高雄醫學大學,7102,醫學影像暨放射科學系
7,高雄醫學大學,7112,公共衛生學系
7,高雄醫學大學,7122,職能治療學系
7,高雄醫學大學,7132,物理治療學系
7,高雄醫學大學,7142,醫務管理暨醫療資訊學系
7,高雄醫學大學,7152,醫藥暨應用化學系醫藥化學組
7,高雄醫學大學,7162,醫藥暨應用化學系應用化學組
7,高雄醫學大學,7172,生物醫學暨環境生物學系
7,高雄醫學大學,7182,生物科技學系
7,高雄醫學大學,7192,心理學系
7,高雄醫學大學,7202,醫學社會學與社會工作學系
7,高雄醫學大學,7212,薪火招生A組
7,高雄醫學大學,7222,薪火招生B組
7,高雄醫學大學,7232,薪火招生C組
7,高雄醫學大學,7242,薪火招生D組
7,高雄醫學大學,7252,醫學系(公費生)
7,高雄醫學大學,7262,醫學系(繁星第八類)
8,中原大學,8012,應用數學系
8,中原大學,8022,物理學系物理組
8,中原大學,8032,物理學系光電與材料科學組
8,中原大學,8042,化學系化學組
8,中原大學,8052,化學系材料化學組
8,中原大學,8062,心理學系
8,中原大學,8072,生物科技學系
8,中原大學,8082,化學工程學系綠能製程組
8,中原大學,8092,化學工程學系生化工程組
8,中原大學,8102,化學工程學系材料工程組
8,中原大學,8112,土木工程學系
8,中原大學,8122,機械工程學系
8,中原大學,8132,生物醫學工程學系
8,中原大學,8142,環境工程學系
8,中原大學,8152,電機資訊學院學士班
8,中原大學,8162,工業與系統工程學系工程組
8,中原大學,8172,工業與系統工程學系管理組
8,中原大學,8182,電子工程學系
8,中原大學,8192,資訊工程學系
8,中原大學,8202,電機工程學系
8,中原大學,8212,企業管理學系服務業管理組
8,中原大學,8222,企業管理學系高科技業管理組
8,中原大學,8232,企業管理學系工商管理組
8,中原大學,8242,國際經營與貿易學系
8,中原大學,8252,會計學系
8,中原大學,8262,資訊管理學系
8,中原大學,8272,財務金融學系
8,中原大學,8282,財經法律學系
8,中原大學,8292,建築學系
8,中原大學,8302,室內設計學系
8,中原大學,8312,商業設計學系商業設計組
8,中原大學,8322,商業設計學系產品設計組
8,中原大學,8332,景觀學系
8,中原大學,8342,特殊教育學系
8,中原大學,8352,應用外國語文學系
8,中原大學,8362,應用華語文學系
8,中原大學,8372,中原大學與美國天普大學商學管理雙學士學位學程
9,東海大學,9012,中國文學系
9,東海大學,9022,中國文學系(青年儲蓄帳戶組)
9,東海大學,9032,外國語文學系
9,東海大學,9042,歷史學系
9,東海大學,9052,日本語言文化學系
9,東海大學,9062,日本語言文化學系(青年儲蓄帳戶組)
9,東海大學,9072,哲學系
9,東海大學,9082,應用物理學系
9,東海大學,9092,化學系化學組
9,東海大學,9102,化學系化學生物組
9,東海大學,9112,生命科學系生物醫學組
9,東海大學,9122,生命科學系生態暨生物多樣性組
9,東海大學,9132,應用數學系
9,東海大學,9142,化學工程與材料工程學系(製程及能源工程組)
9,東海大學,9152,化學工程與材料工程學系(材料工程組)
9,東海大學,9162,化學工程與材料工程學系(生化工程組)
9,東海大學,9172,工業工程與經營資訊學系(智慧設計與生產)
9,東海大學,9182,工業工程與經營資訊學系(智慧經營與管理)
9,東海大學,9192,環境科學與工程學系
9,東海大學,9202,資訊工程學系資電工程組
9,東海大學,9212,資訊工程學系資電工程組(APCS組)
9,東海大學,9222,資訊工程學系數位創意組
9,東海大學,9232,資訊工程學系軟體工程組
9,東海大學,9242,資訊工程學系軟體工程組(APCS組)
9,東海大學,9252,電機工程學系
9,東海大學,9262,企業管理學系(行銷與數位經營組)
9,東海大學,9272,企業管理學系(服務創新與經營組)
9,東海大學,9282,企業管理學系(創業與組織領導組)
9,東海大學,9292,國際經營與貿易學系
9,東海大學,9302,會計學系
9,東海大學,9312,財務金融學系
9,東海大學,9322,統計學系(巨量資料管理組)
9,東海大學,9332,統計學系(決策管理組)
9,東海大學,9342,資訊管理學系(物聯網與大數據應用組)
9,東海大學,9352,資訊管理學系(數位行銷與電子商務應用組)
9,東海大學,9362,經濟學系一般經濟組
9,東海大學,9372,經濟學系產業經濟組
9,東海大學,9382,政治學系政治理論組
9,東海大學,9392,政治學系國際關係組
9,東海大學,9402,行政管理暨政策學系
9,東海大學,9412,社會學系
9,東海大學,9422,社會學系(青年儲蓄帳戶組)
9,東海大學,9432,社會工作學系
9,東海大學,9442,畜產與生物科技學系
9,東海大學,9452,畜產與生物科技學系(青年儲蓄帳戶組)
9,東海大學,9462,食品科學系
9,東海大學,9472,餐旅管理學系
9,東海大學,9482,建築學系
9,東海大學,9492,工業設計學系
9,東海大學,9502,景觀學系
9,東海大學,9512,法律學系
9,東海大學,9522,國際學院國際經營管理學位學程(英語專班)
9,東海大學,9532,永續科學與工程學士學位學程(英語專班)
9,東海大學,9542,音樂學系
9,東海大學,9552,美術學系
11,國立清華大學,11012,中國文學系甲組(一般組)
11,國立清華大學,11022,中國文學系乙組(華語文教學組)
11,國立清華大學,11032,外國語文學系
11,國立清華大學,11042,人文社會學院學士班
11,國立清華大學,11052,教育與學習科技學系
11,國立清華大學,11062,幼兒教育學系
11,國立清華大學,11072,教育心理與諮商學系
11,國立清華大學,11082,特殊教育學系
11,國立清華大學,11092,英語教學系
11,國立清華大學,11102,竹師教育學院學士班甲組(雙專長組)
11,國立清華大學,11112,竹師教育學院學士班乙組(永續發展教育組)
11,國立清華大學,11122,竹師教育學院學士班丙組(青年儲蓄帳戶組)
11,國立清華大學,11132,經濟學系
11,國立清華大學,11142,科技管理學院學士班
11,國立清華大學,11152,計量財務金融學系
11,國立清華大學,11162,數學系甲組(數學組)
11,國立清華大學,11172,數學系乙組(應用數學組)
11,國立清華大學,11182,物理學系物理組(甲組一般組)
11,國立清華大學,11192,物理學系物理組(乙組天文物理組)
11,國立清華大學,11202,物理學系光電物理組
11,國立清華大學,11212,化學系
11,國立清華大學,11222,理學院學士班
11,國立清華大學,11232,生醫工程與環境科學系
11,國立清華大學,11242,工程與系統科學系甲組(低碳綠能組)
11,國立清華大學,11252,工程與系統科學系乙組(智慧奈米系統組)
11,國立清華大學,11262,原子科學院學士班
11,國立清華大學,11272,化學工程學系
11,國立清華大學,11282,動力機械工程學系甲組
11,國立清華大學,11292,動力機械工程學系乙組
11,國立清華大學,11302,材料科學工程學系
11,國立清華大學,11312,工業工程與工程管理學系
11,國立清華大學,11322,工學院學士班
11,國立清華大學,11332,電機工程學系甲組
11,國立清華大學,11342,電機工程學系乙組
11,國立清華大學,11352,資訊工程學系甲組(電子資訊組)
11,國立清華大學,11362,資訊工程學系乙組(資訊工程組)
11,國立清華大學,11372,資訊工程學系丙組(人工智慧組)
11,國立清華大學,11382,電機資訊學院學士班
11,國立清華大學,11392,生命科學系
11,國立清華大學,11402,醫學科學系
11,國立清華大學,11412,生命科學院學士班
11,國立清華大學,11422,清華學院學士班甲組(不分系招生-音樂)
11,國立清華大學,11432,清華學院學士班乙組(不分系招生-美術)
11,國立清華大學,11442,清華學院學士班丙組(不分系招生-創新設計)
11,國立清華大學,11452,清華學院學士班丁組(不分系招生-創新領導)
11,國立清華大學,11462,清華學院學士班戊組(青年儲蓄帳戶組)
11,國立清華大學,11472,旭日招生甲組(人文、教育)
11,國立清華大學,11482,旭日招生乙組(科管)
11,國立清華大學,11492,旭日招生丙組(原科、生科、理學)
11,國立清華大學,11502,旭日招生丁組(工學院)
11,國立清華大學,11512,旭日招生戊組(電資院)
11,國立清華大學,11522,藝術學院學士班
11,國立清華大學,11532,音樂學系
11,國立清華大學,11542,藝術與設計學系創作組
11,國立清華大學,11552,藝術與設計學系設計組
11,國立清華大學,11562,體育學系(運動科學組)
12,中國醫藥大學,12012,牙醫學系
12,中國醫藥大學,12022,醫學系
12,中國醫藥大學,12032,中醫學系甲組
12,中國醫藥大學,12042,中醫學系乙組
12,中國醫藥大學,12052,藥學系
12,中國醫藥大學,12062,護理學系
12,中國醫藥大學,12072,醫學檢驗生物技術學系
12,中國醫藥大學,12082,營養學系
12,中國醫藥大學,12092,物理治療學系
12,中國醫藥大學,12102,生物科技學系
12,中國醫藥大學,12112,運動醫學系
12,中國醫藥大學,12122,中國藥學暨中藥資源學系
12,中國醫藥大學,12132,藥用化妝品學系
12,中國醫藥大學,12142,生物醫學影像暨放射科學學系
12,中國醫藥大學,12152,公共衛生學院大一不分系
12,中國醫藥大學,12162,醫學系(繁星第八類)
13,國立交通大學,13012,電機工程學系(甲組)
13,國立交通大學,13022,電機工程學系(乙組)
13,國立交通大學,13032,光電工程學系
13,國立交通大學,13042,資訊工程學系(甲組)
13,國立交通大學,13052,資訊工程學系(乙組)
13,國立交通大學,13062,資訊工程學系(APCS組)
13,國立交通大學,13072,奈米科學及工程學士學位學程
13,國立交通大學,13082,材料科學與工程學系
13,國立交通大學,13092,機械工程學系
13,國立交通大學,13102,土木工程學系
13,國立交通大學,13112,理學院科學學士學位學程(乙組)
13,國立交通大學,13122,理學院科學學士學位學程(丙組)
13,國立交通大學,13132,電子物理學系光電與奈米科學組
13,國立交通大學,13142,電子物理學系電子物理組
13,國立交通大學,13152,應用化學系
13,國立交通大學,13162,應用數學系
13,國立交通大學,13172,生物科技學系
13,國立交通大學,13182,資訊管理與財務金融學系資訊管理組
13,國立交通大學,13192,資訊管理與財務金融學系財務金融組
13,國立交通大學,13202,管理科學系
13,國立交通大學,13212,運輸與物流管理學系
13,國立交通大學,13222,工業工程與管理學系
13,國立交通大學,13232,外國語文學系
13,國立交通大學,13242,傳播與科技學系
13,國立交通大學,13252,人文社會學系
13,國立交通大學,13262,旋坤揚帆招生甲組(電機資訊)
13,國立交通大學,13272,旋坤揚帆招生乙組(工程)
13,國立交通大學,13282,旋坤揚帆招生丙組(理學生科)
13,國立交通大學,13292,旋坤揚帆招生丁組(管理)
13,國立交通大學,13302,旋坤揚帆招生戊組(人文社會)
14,淡江大學,14012,中國文學學系
14,淡江大學,14022,歷史學系
14,淡江大學,14032,資訊與圖書館學系
14,淡江大學,14042,大眾傳播學系
14,淡江大學,14052,資訊傳播學系
14,淡江大學,14062,教育科技學系
14,淡江大學,14072,英文學系
14,淡江大學,14082,法國語文學系
14,淡江大學,14092,德國語文學系
14,淡江大學,14102,西班牙語文學系
14,淡江大學,14112,日本語文學系
14,淡江大學,14122,俄國語文學系
14,淡江大學,14132,商管學院全球財務管理全英語學士學位學程
14,淡江大學,14142,財務金融學系
14,淡江大學,14152,產業經濟學系
14,淡江大學,14162,國際企業學系經貿管理組
14,淡江大學,14172,國際企業學系國際商學全英語組
14,淡江大學,14182,風險管理與保險學系
14,淡江大學,14192,經濟學系
14,淡江大學,14202,會計學系
14,淡江大學,14212,企業管理學系
14,淡江大學,14222,統計學系
14,淡江大學,14232,資訊管理學系
14,淡江大學,14242,運輸管理學系
14,淡江大學,14252,公共行政學系
14,淡江大學,14262,管理科學學系(事業經營組)
14,淡江大學,14272,管理科學學系(行銷與流通管理組)
14,淡江大學,14282,外交與國際關係學系全英語學士班
14,淡江大學,14292,理學院尖端材料科學學士學位學程
14,淡江大學,14302,數學學系數學組
14,淡江大學,14312,數學學系資料科學與數理統計組
14,淡江大學,14322,化學學系化學與生物化學組
14,淡江大學,14332,化學學系材料化學組
14,淡江大學,14342,物理學系光電物理組
14,淡江大學,14352,物理學系應用物理組
14,淡江大學,14362,建築學系
14,淡江大學,14372,土木工程學系
14,淡江大學,14382,資訊工程學系
14,淡江大學,14392,機械與機電工程學系光機電整合組
14,淡江大學,14402,機械與機電工程學系精密機械組
14,淡江大學,14412,電機工程學系電機資訊組
14,淡江大學,14422,電機工程學系電機通訊組
14,淡江大學,14432,電機工程學系電機與系統組
14,淡江大學,14442,化學工程與材料工程學系
14,淡江大學,14452,航空太空工程學系
14,淡江大學,14462,水資源及環境工程學系水資源工程組
14,淡江大學,14472,水資源及環境工程學系環境工程組
14,淡江大學,14482,資訊創新與科技學系軟體工程全英語組(蘭陽校園)
14,淡江大學,14492,資訊創新與科技學系應用資訊全英語組(蘭陽校園)
14,淡江大學,14502,國際觀光管理學系全英語學士班(海外實習組蘭陽校園)
14,淡江大學,14512,國際觀光管理學系全英語學士班(產業實習組蘭陽校園)
14,淡江大學,14522,英美語言文化學系全英語學士班(蘭陽校園)
14,淡江大學,14532,全球政治經濟學系全英語學士班(蘭陽校園)
14,淡江大學,14542,德國語文學系(青年儲蓄帳戶組)
14,淡江大學,14552,日本語文學系(青年儲蓄帳戶組)
14,淡江大學,14562,財務金融學系(青年儲蓄帳戶組)
14,淡江大學,14572,物理學系光電物理組(青年儲蓄帳戶組)
14,淡江大學,14582,物理學系應用物理組(青年儲蓄帳戶組)
14,淡江大學,14592,資訊工程學系(APCS組)
15,逢甲大學,15012,機械與電腦輔助工程學系
15,逢甲大學,15022,纖維與複合材料學系
15,逢甲大學,15032,工業工程與系統管理學系
15,逢甲大學,15042,化學工程學系
15,逢甲大學,15052,航太與系統工程學系
15,逢甲大學,15062,精密系統設計學士學位學程
15,逢甲大學,15072,會計學系
15,逢甲大學,15082,國際經營與貿易學系
15,逢甲大學,15092,國際經營與貿易學系國際企業管理全英語學士班
15,逢甲大學,15102,財稅學系
15,逢甲大學,15112,合作經濟暨社會事業經營學系
15,逢甲大學,15122,統計學系商業大數據組
15,逢甲大學,15132,統計學系大數據分析與市場決策組
15,逢甲大學,15142,經濟學系
15,逢甲大學,15152,企業管理學系
15,逢甲大學,15162,行銷學系
15,逢甲大學,15172,應用數學系
15,逢甲大學,15182,材料科學與工程學系
15,逢甲大學,15192,環境工程與科學學系
15,逢甲大學,15202,光電科學與工程學系
15,逢甲大學,15212,中國文學系
15,逢甲大學,15222,外國語文學系
15,逢甲大學,15232,資訊工程學系
15,逢甲大學,15242,電子工程學系
15,逢甲大學,15252,電機工程學系
15,逢甲大學,15262,自動控制工程學系
15,逢甲大學,15272,資訊電機學院學士班
15,逢甲大學,15282,通訊工程學系
15,逢甲大學,15292,土木工程學系
15,逢甲大學,15302,水利工程與資源保育學系
15,逢甲大學,15312,都市計畫與空間資訊學系
15,逢甲大學,15322,運輸與物流學系
15,逢甲大學,15332,土地管理學系
15,逢甲大學,15342,財務金融學系
15,逢甲大學,15352,風險管理與保險學系
15,逢甲大學,15362,財務工程與精算學士學位學程
15,逢甲大學,15372,建築專業學院學士班
15,逢甲大學,15382,澳洲墨爾本皇家理工大學商學與創新雙學士學位學程
15,逢甲大學,15392,美國普渡大學電機資訊雙學士學位學程
15,逢甲大學,15402,美國加州聖荷西州立大學大數據雙學士學位學程
16,國立中央大學,16012,中國文學系
16,國立中央大學,16022,英美語文學系
16,國立中央大學,16032,法國語文學系
16,國立中央大學,16042,數學系數學科學組
16,國立中央大學,16052,數學系計算與資料科學組
16,國立中央大學,16062,物理學系
16,國立中央大學,16072,化學學系
16,國立中央大學,16082,光電科學與工程學系
16,國立中央大學,16092,土木工程學系
16,國立中央大學,16102,機械工程學系光機電工程組
16,國立中央大學,16112,機械工程學系先進材料與精密製造組
16,國立中央大學,16122,機械工程學系設計與分析組
16,國立中央大學,16132,化學工程與材料工程學系
16,國立中央大學,16142,工學院學士班
16,國立中央大學,16152,企業管理學系
16,國立中央大學,16162,資訊管理學系
16,國立中央大學,16172,資訊管理學系(APCS組)
16,國立中央大學,16182,經濟學系
16,國立中央大學,16192,財務金融學系
16,國立中央大學,16202,電機工程學系
16,國立中央大學,16212,資訊工程學系
16,國立中央大學,16222,資訊工程學系(APCS組)
16,國立中央大學,16232,通訊工程學系
16,國立中央大學,16242,資訊電機學院學士班
16,國立中央大學,16252,大氣科學學系大氣組
16,國立中央大學,16262,大氣科學學系太空組
16,國立中央大學,16272,地球科學學系
16,國立中央大學,16282,地球科學學院學士班
16,國立中央大學,16292,客家語文暨社會科學學系
16,國立中央大學,16302,生命科學系
16,國立中央大學,16312,生醫科學與工程學系
16,國立中央大學,16322,向日葵聯合招生甲組(電資)
16,國立中央大學,16332,向日葵聯合招生乙組(商管)
16,國立中央大學,16342,向日葵聯合招生丙組(理學)
16,國立中央大學,16352,向日葵聯合招生丁組(工程)
16,國立中央大學,16362,向日葵聯合招生戊組(人社)
17,中國文化大學,17012,哲學系
17,中國文化大學,17022,中國文學系中國文學組
17,中國文化大學,17032,中國文學系文藝創作組
17,中國文化大學,17042,史學系
17,中國文化大學,17052,日本語文學系
17,中國文化大學,17062,韓國語文學系
17,中國文化大學,17072,俄國語文學系
17,中國文化大學,17082,英國語文學系
17,中國文化大學,17092,法國語文學系
17,中國文化大學,17102,應用數學系
17,中國文化大學,17112,光電物理學系
17,中國文化大學,17122,化學系
17,中國文化大學,17132,地理學系
17,中國文化大學,17142,大氣科學系
17,中國文化大學,17152,地質學系
17,中國文化大學,17162,生命科學系
17,中國文化大學,17172,法律學系法學組
17,中國文化大學,17182,法律學系財經法律組
17,中國文化大學,17192,政治學系
17,中國文化大學,17202,經濟學系
17,中國文化大學,17212,勞動暨人力資源學系
17,中國文化大學,17222,社會福利學系
17,中國文化大學,17232,行政管理學系
17,中國文化大學,17242,園藝暨生物技術學系
17,中國文化大學,17252,動物科學系
17,中國文化大學,17262,森林暨自然保育學系
17,中國文化大學,17272,土地資源學系
17,中國文化大學,17282,生活應用科學系
17,中國文化大學,17292,保健營養學系
17,中國文化大學,17302,化學工程與材料工程學系
17,中國文化大學,17312,電機工程學系
17,中國文化大學,17322,電機工程學系(青年儲蓄帳戶組)
17,中國文化大學,17332,機械工程學系
17,中國文化大學,17342,紡織工程學系
17,中國文化大學,17352,資訊工程學系
17,中國文化大學,17362,國際貿易學系
17,中國文化大學,17372,國際企業管理學系
17,中國文化大學,17382,會計學系
17,中國文化大學,17392,觀光事業學系
17,中國文化大學,17402,資訊管理學系(智慧商務科技組)
17,中國文化大學,17412,資訊管理學系(雲端服務暨巨量資料組)
17,中國文化大學,17422,財務金融學系金融行銷組
17,中國文化大學,17432,財務金融學系財務金融組
17,中國文化大學,17442,全球商務學士學位學程
17,中國文化大學,17452,新聞學系
17,中國文化大學,17462,廣告學系
17,中國文化大學,17472,資訊傳播學系
17,中國文化大學,17482,大眾傳播學系
17,中國文化大學,17492,都市計劃與開發管理學系
17,中國文化大學,17502,建築及都市設計學系
17,中國文化大學,17512,建築及都市設計學系(青年儲蓄帳戶組)
17,中國文化大學,17522,景觀學系
17,中國文化大學,17532,教育學系
17,中國文化大學,17542,心理輔導學系
17,中國文化大學,17552,戲劇學系
17,中國文化大學,17562,中國戲劇學系
17,中國文化大學,17572,音樂學系
17,中國文化大學,17582,美術學系
17,中國文化大學,17592,體育學系
17,中國文化大學,17602,運動與健康促進學系
18,靜宜大學,18012,英國語文學系-一般組
18,靜宜大學,18022,英國語文學系-類繁星組
18,靜宜大學,18032,西班牙語文學系-一般組
18,靜宜大學,18042,西班牙語文學系-類繁星組
18,靜宜大學,18052,日本語文學系-一般組
18,靜宜大學,18062,日本語文學系-類繁星組
18,靜宜大學,18072,中國文學系-一般組
18,靜宜大學,18082,中國文學系-類繁星組
18,靜宜大學,18092,社會工作與兒童少年福利學系-一般組
18,靜宜大學,18102,社會工作與兒童少年福利學系-類繁星組
18,靜宜大學,18112,台灣文學系-一般組
18,靜宜大學,18122,台灣文學系-類繁星組
18,靜宜大學,18132,法律學系-一般組
18,靜宜大學,18142,法律學系-類繁星組
18,靜宜大學,18152,生態人文學系-一般組
18,靜宜大學,18162,生態人文學系-類繁星組
18,靜宜大學,18172,大眾傳播學系-一般組
18,靜宜大學,18182,大眾傳播學系-類繁星組
18,靜宜大學,18192,財務工程學系-一般組
18,靜宜大學,18202,財務工程學系-類繁星組
18,靜宜大學,18212,應用化學系-一般組
18,靜宜大學,18222,應用化學系-類繁星組
18,靜宜大學,18232,食品營養學系營養與保健組-一般組
18,靜宜大學,18242,食品營養學系營養與保健組-類繁星組
18,靜宜大學,18252,食品營養學系食品與生物技術組-一般組
18,靜宜大學,18262,食品營養學系食品與生物技術組-類繁星組
18,靜宜大學,18272,化粧品科學系-一般組
18,靜宜大學,18282,化粧品科學系-類繁星組
18,靜宜大學,18292,資料科學暨大數據分析與應用學系-一般組
18,靜宜大學,18302,資料科學暨大數據分析與應用學系-類繁星組
18,靜宜大學,18312,企業管理學系-一般組
18,靜宜大學,18322,企業管理學系-類繁星組
18,靜宜大學,18332,國際企業學系-一般組
18,靜宜大學,18342,國際企業學系-類繁星組
18,靜宜大學,18352,會計學系-一般組
18,靜宜大學,18362,會計學系-類繁星組
18,靜宜大學,18372,觀光事業學系-一般組
18,靜宜大學,18382,觀光事業學系-類繁星組
18,靜宜大學,18392,財務金融學系-一般組
18,靜宜大學,18402,財務金融學系-類繁星組
18,靜宜大學,18412,資訊管理學系-一般組
18,靜宜大學,18422,資訊管理學系(APCS組)
18,靜宜大學,18432,資訊管理學系-類繁星組
18,靜宜大學,18442,資訊工程學系-一般組
18,靜宜大學,18452,資訊工程學系(APCS組)
18,靜宜大學,18462,資訊工程學系-類繁星組
18,靜宜大學,18472,資訊傳播工程學系(遊戲開發組)
18,靜宜大學,18482,資訊傳播工程學系(動畫設計組)
18,靜宜大學,18492,資訊傳播工程學系(APCS組)
18,靜宜大學,18502,資訊傳播工程學系-類繁星組
18,靜宜大學,18512,寰宇管理學士學位學程
18,靜宜大學,18522,寰宇外語教育學士學位學程-一般組
18,靜宜大學,18532,寰宇外語教育學士學位學程-類繁星組
19,大同大學,19012,機械工程學系電子機械組
19,大同大學,19022,機械工程學系精密機械組
19,大同大學,19032,電機工程學系
19,大同大學,19042,化學工程與生物科技學系
19,大同大學,19052,工業設計學系
19,大同大學,19062,事業經營學系
19,大同大學,19072,資訊工程學系
19,大同大學,19082,材料工程學系
19,大同大學,19092,資訊經營學系
19,大同大學,19102,媒體設計學系互動媒體設計組
19,大同大學,19112,媒體設計學系數位遊戲設計組
19,大同大學,19122,應用外語學系
19,大同大學,19132,資訊工程學系(青年儲蓄帳戶組)
19,大同大學,19142,材料工程學系(青年儲蓄帳戶組)
19,大同大學,19152,電機工程學系(青年儲蓄帳戶組)
20,輔仁大學,20012,中國文學系
20,輔仁大學,20022,歷史學系
20,輔仁大學,20032,哲學系
20,輔仁大學,20042,景觀設計學系
20,輔仁大學,20052,影像傳播學系
20,輔仁大學,20062,新聞傳播學系
20,輔仁大學,20072,廣告傳播學系
20,輔仁大學,20082,圖書資訊學系
20,輔仁大學,20092,教育領導與科技發展學士學位學程
20,輔仁大學,20102,護理學系
20,輔仁大學,20112,公共衛生學系
20,輔仁大學,20122,醫學系
20,輔仁大學,20132,醫學系(公費生)
20,輔仁大學,20142,臨床心理學系
20,輔仁大學,20152,職能治療學系
20,輔仁大學,20162,呼吸治療學系
20,輔仁大學,20172,數學系資訊數學組
20,輔仁大學,20182,數學系應用數學組
20,輔仁大學,20192,化學系
20,輔仁大學,20202,資訊工程學系
20,輔仁大學,20212,資訊工程學系(APCS組)
20,輔仁大學,20222,生命科學系
20,輔仁大學,20232,物理學系物理組
20,輔仁大學,20242,物理學系光電物理組
20,輔仁大學,20252,電機工程學系
20,輔仁大學,20262,醫學資訊與創新應用學士學位學程
20,輔仁大學,20272,英國語文學系
20,輔仁大學,20282,法國語文學系
20,輔仁大學,20292,西班牙語文學系
20,輔仁大學,20302,日本語文學系
20,輔仁大學,20312,義大利語文學系
20,輔仁大學,20322,德語語文學系
20,輔仁大學,20332,織品服裝學系織品設計組
20,輔仁大學,20342,織品服裝學系服飾設計組
20,輔仁大學,20352,織品服裝學系織品服飾行銷組
20,輔仁大學,20362,織品服裝學系織品服飾行銷組(青年儲蓄帳戶組)
20,輔仁大學,20372,餐旅管理學系
20,輔仁大學,20382,兒童與家庭學系
20,輔仁大學,20392,食品科學系
20,輔仁大學,20402,營養科學系
20,輔仁大學,20412,法律學系
20,輔仁大學,20422,財經法律學系
20,輔仁大學,20432,企業管理學系
20,輔仁大學,20442,企業管理學系(青年儲蓄帳戶組)
20,輔仁大學,20452,會計學系
20,輔仁大學,20462,資訊管理學系
20,輔仁大學,20472,統計資訊學系
20,輔仁大學,20482,金融與國際企業學系
20,輔仁大學,20492,社會學系
20,輔仁大學,20502,社會工作學系
20,輔仁大學,20512,經濟學系
20,輔仁大學,20522,宗教學系
20,輔仁大學,20532,心理學系
20,輔仁大學,20542,音樂學系應用音樂組
20,輔仁大學,20552,音樂學系器樂組
20,輔仁大學,20562,應用美術學系
20,輔仁大學,20572,體育學系體育學組
20,輔仁大學,20582,體育學系運動健康管理組
20,輔仁大學,20592,醫學系(繁星第八類)
21,國立臺灣海洋大學,21012,商船學系
21,國立臺灣海洋大學,21022,航運管理學系
21,國立臺灣海洋大學,21032,運輸科學系A組
21,國立臺灣海洋大學,21042,運輸科學系B組
21,國立臺灣海洋大學,21052,輪機工程學系能源應用組
21,國立臺灣海洋大學,21062,輪機工程學系動力工程組
21,國立臺灣海洋大學,21072,食品科學系食品科學組
21,國立臺灣海洋大學,21082,食品科學系生物科技組
21,國立臺灣海洋大學,21092,水產養殖學系
21,國立臺灣海洋大學,21102,生命科學暨生物科技學系
21,國立臺灣海洋大學,21112,系統工程暨造船學系
21,國立臺灣海洋大學,21122,河海工程學系
21,國立臺灣海洋大學,21132,機械與機電工程學系
21,國立臺灣海洋大學,21142,海洋環境資訊系
21,國立臺灣海洋大學,21152,環境生物與漁業科學學系
21,國立臺灣海洋大學,21162,電機工程學系
21,國立臺灣海洋大學,21172,電機工程學系(青年儲蓄帳戶組)
21,國立臺灣海洋大學,21182,資訊工程學系
21,國立臺灣海洋大學,21192,資訊工程學系(APCS組)
21,國立臺灣海洋大學,21202,資訊工程學系(青年儲蓄帳戶組)
21,國立臺灣海洋大學,21212,通訊與導航工程學系
21,國立臺灣海洋大學,21222,光電與材料科技學系
21,國立臺灣海洋大學,21232,海洋觀光管理學士學位學程
21,國立臺灣海洋大學,21242,海洋法政學士學位學程
21,國立臺灣海洋大學,21252,海洋文創設計產業學士學位學程
21,國立臺灣海洋大學,21262,海洋經營管理學士學位學程
21,國立臺灣海洋大學,21272,海洋工程科技學士學位學程
21,國立臺灣海洋大學,21282,海洋生物科技學士學位學程
22,國立高雄師範大學,22012,數學系數學組
22,國立高雄師範大學,22022,數學系應用數學組
22,國立高雄師範大學,22032,化學系
22,國立高雄師範大學,22042,物理學系
22,國立高雄師範大學,22052,生物科技系
22,國立高雄師範大學,22062,工業設計學系
22,國立高雄師範大學,22072,光電與通訊工程學系
22,國立高雄師範大學,22082,電子工程學系
22,國立高雄師範大學,22092,軟體工程與管理學系
22,國立高雄師範大學,22102,工業科技教育學系科技教育與訓練組
22,國立高雄師範大學,22112,工業科技教育學系能源與冷凍空調組
22,國立高雄師範大學,22122,事業經營學系
22,國立高雄師範大學,22132,地理學系
22,國立高雄師範大學,22142,特殊教育學系
22,國立高雄師範大學,22152,英語學系
22,國立高雄師範大學,22162,教育學系
22,國立高雄師範大學,22172,國文學系
22,國立高雄師範大學,22182,音樂學系
22,國立高雄師範大學,22192,美術學系
22,國立高雄師範大學,22202,視覺設計學系
22,國立高雄師範大學,22212,體育學系
23,國立彰化師範大學,23012,輔導與諮商學系學校輔導與諮商組
23,國立彰化師範大學,23022,輔導與諮商學系社區輔導與諮商組
23,國立彰化師範大學,23032,特殊教育學系
23,國立彰化師範大學,23042,數學系
23,國立彰化師範大學,23052,物理學系物理組
23,國立彰化師範大學,23062,物理學系光電組
23,國立彰化師範大學,23072,生物學系
23,國立彰化師範大學,23082,化學系
23,國立彰化師範大學,23092,英語學系
23,國立彰化師範大學,23102,國文學系
23,國立彰化師範大學,23112,地理學系
23,國立彰化師範大學,23122,機電工程學系
23,國立彰化師範大學,23132,電機工程學系
23,國立彰化師範大學,23142,電子工程學系
23,國立彰化師範大學,23152,資訊工程學系
23,國立彰化師範大學,23162,企業管理學系
23,國立彰化師範大學,23172,會計學系
23,國立彰化師範大學,23182,資訊管理學系資訊管理組
23,國立彰化師範大學,23192,資訊管理學系數位內容科技與管理組
23,國立彰化師範大學,23202,公共事務與公民教育學系公民教育組
23,國立彰化師範大學,23212,公共事務與公民教育學系公共事務組
23,國立彰化師範大學,23222,揚鷹招生A組(教文社)
23,國立彰化師範大學,23232,揚鷹招生B組(管理)
23,國立彰化師範大學,23242,揚鷹招生C組(理工)
23,國立彰化師範大學,23252,美術學系
23,國立彰化師範大學,23262,運動學系
25,國立陽明大學,25012,醫學系A組
25,國立陽明大學,25022,醫學系B組
25,國立陽明大學,25032,牙醫學系
25,國立陽明大學,25042,醫學生物技術暨檢驗學系
25,國立陽明大學,25052,生物醫學影像暨放射科學系
25,國立陽明大學,25062,護理學系
25,國立陽明大學,25072,護理學系(青年儲蓄帳戶組)
25,國立陽明大學,25082,物理治療暨輔助科技學系
25,國立陽明大學,25092,生命科學系暨基因體科學研究所
25,國立陽明大學,25102,生物醫學工程學系
25,國立陽明大學,25112,藥學系
25,國立陽明大學,25122,學士班大一大二不分系
25,國立陽明大學,25132,不分系招生(璞玉A組)
25,國立陽明大學,25142,不分系招生(璞玉B組)
25,國立陽明大學,25152,醫學系(公費生)
25,國立陽明大學,25162,醫學系(繁星第八類)
26,中山醫學大學,26012,醫學系
26,中山醫學大學,26022,牙醫學系
26,中山醫學大學,26032,物理治療學系
26,中山醫學大學,26042,職能治療學系
26,中山醫學大學,26052,語言治療與聽力學系語言治療組
26,中山醫學大學,26062,語言治療與聽力學系聽力組
26,中山醫學大學,26072,生物醫學科學學系
26,中山醫學大學,26082,視光學系
26,中山醫學大學,26092,醫學影像暨放射科學系
26,中山醫學大學,26102,心理學系
26,中山醫學大學,26112,營養學系
26,中山醫學大學,26122,職業安全衛生學系
26,中山醫學大學,26132,醫學應用化學系
26,中山醫學大學,26142,健康餐飲暨產業管理學系
26,中山醫學大學,26152,護理學系
26,中山醫學大學,26162,醫學檢驗暨生物技術學系
26,中山醫學大學,26172,應用外國語言學系
26,中山醫學大學,26182,公共衛生學系
26,中山醫學大學,26192,醫學社會暨社會工作學系
26,中山醫學大學,26202,醫學資訊學系
26,中山醫學大學,26212,醫療產業科技管理學系
26,中山醫學大學,26222,醫學系(繁星第八類)
27,國立中山大學,27012,中國文學系
27,國立中山大學,27022,外國語文學系
27,國立中山大學,27032,劇場藝術學系
27,國立中山大學,27042,生物科學系
27,國立中山大學,27052,化學系
27,國立中山大學,27062,物理學系
27,國立中山大學,27072,應用數學系
27,國立中山大學,27082,電機工程學系
27,國立中山大學,27092,機械與機電工程學系
27,國立中山大學,27102,資訊工程學系
27,國立中山大學,27112,光電工程學系
27,國立中山大學,27122,材料與光電科學學系
27,國立中山大學,27132,企業管理學系
27,國立中山大學,27142,資訊管理學系
27,國立中山大學,27152,財務管理學系
27,國立中山大學,27162,海洋生物科技暨資源學系
27,國立中山大學,27172,海洋環境及工程學系
27,國立中山大學,27182,海洋科學系
27,國立中山大學,27192,政治經濟學系
27,國立中山大學,27202,社會學系
27,國立中山大學,27212,西灣南星A組(文)
27,國立中山大學,27222,西灣南星B組(管)
27,國立中山大學,27232,西灣南星C組(理)
27,國立中山大學,27242,西灣南星D組(工)
27,國立中山大學,27252,西灣南星E組(海)
27,國立中山大學,27262,西灣南星F組(社)
27,國立中山大學,27272,音樂學系
27,國立中山大學,27282,音樂學系創作與應用組
28,國立臺北藝術大學,28012,劇場設計學系
28,國立臺北藝術大學,28022,新媒體藝術學系
30,長庚大學,30012,醫學系
30,長庚大學,30022,中醫學系
30,長庚大學,30032,護理學系
30,長庚大學,30042,醫學生物技術暨檢驗學系
30,長庚大學,30052,醫學影像暨放射科學系
30,長庚大學,30062,物理治療學系
30,長庚大學,30072,職能治療學系
30,長庚大學,30082,生物醫學系
30,長庚大學,30092,呼吸治療學系
30,長庚大學,30102,電機工程學系
30,長庚大學,30112,機械工程學系
30,長庚大學,30122,化工與材料工程學系
30,長庚大學,30132,電子工程學系
30,長庚大學,30142,資訊工程學系
30,長庚大學,30152,醫務管理學系
30,長庚大學,30162,工商管理學系
30,長庚大學,30172,工業設計學系
30,長庚大學,30182,資訊管理學系
30,長庚大學,30192,資訊工程學系(APCS組)
30,長庚大學,30202,醫學系(公費生)
30,長庚大學,30212,醫學系(繁星第八類)
31,國立臺中教育大學,31012,教育學系
31,國立臺中教育大學,31022,幼兒教育學系
31,國立臺中教育大學,31032,特殊教育學系
31,國立臺中教育大學,31042,語文教育學系
31,國立臺中教育大學,31052,區域與社會發展學系
31,國立臺中教育大學,31062,諮商與應用心理學系
31,國立臺中教育大學,31072,英語學系
31,國立臺中教育大學,31082,台灣語文學系
31,國立臺中教育大學,31092,國際企業學系
31,國立臺中教育大學,31102,文化創意產業設計與營運學系
31,國立臺中教育大學,31112,體育學系非運動專長組
31,國立臺中教育大學,31122,數學教育學系
31,國立臺中教育大學,31132,科學教育與應用學系
31,國立臺中教育大學,31142,資訊工程學系
31,國立臺中教育大學,31152,數位內容科技學系
31,國立臺中教育大學,31162,音樂學系
31,國立臺中教育大學,31172,美術學系
31,國立臺中教育大學,31182,體育學系運動專長組
32,國立臺北教育大學,32012,教育學系
32,國立臺北教育大學,32022,教育經營與管理學系
32,國立臺北教育大學,32032,教育經營與管理學系(芝山組)
32,國立臺北教育大學,32042,幼兒與家庭教育學系
32,國立臺北教育大學,32052,特殊教育學系
32,國立臺北教育大學,32062,心理與諮商學系
32,國立臺北教育大學,32072,心理與諮商學系(芝山組)
32,國立臺北教育大學,32082,社會與區域發展學系
32,國立臺北教育大學,32092,兒童英語教育學系
32,國立臺北教育大學,32102,語文與創作學系語文師資組
32,國立臺北教育大學,32112,語文與創作學系文學創作組
32,國立臺北教育大學,32122,語文與創作學系語文師資組(青年儲蓄帳戶組)
32,國立臺北教育大學,32132,語文與創作學系文學創作組(青年儲蓄帳戶組)
32,國立臺北教育大學,32142,文化創意產業經營學系
32,國立臺北教育大學,32152,文化創意產業經營學系(青年儲蓄帳戶組)
32,國立臺北教育大學,32162,藝術與造形設計學系設計組
32,國立臺北教育大學,32172,數學暨資訊教育學系數學組
32,國立臺北教育大學,32182,數學暨資訊教育學系資訊組
32,國立臺北教育大學,32192,數學暨資訊教育學系資訊組(APCS組)
32,國立臺北教育大學,32202,自然科學教育學系
32,國立臺北教育大學,32212,自然科學教育學系(芝山組)
32,國立臺北教育大學,32222,資訊科學系
32,國立臺北教育大學,32232,數位科技設計學系
32,國立臺北教育大學,32242,數學暨資訊教育學系數學組(公費生)
32,國立臺北教育大學,32252,自然科學教育學系(公費生)
32,國立臺北教育大學,32262,兒童英語教育學系(公費生甲組)
32,國立臺北教育大學,32272,兒童英語教育學系(公費生乙組)
32,國立臺北教育大學,32282,特殊教育學系(公費生)
32,國立臺北教育大學,32292,幼兒與家庭教育學系(公費生)
32,國立臺北教育大學,32302,音樂學系
32,國立臺北教育大學,32312,音樂學系(芝山組)
32,國立臺北教育大學,32322,音樂學系(公費生)
32,國立臺北教育大學,32332,藝術與造形設計學系藝術組
32,國立臺北教育大學,32342,體育學系
33,國立臺南大學,33012,教育學系
33,國立臺南大學,33022,特殊教育學系
33,國立臺南大學,33032,幼兒教育學系
33,國立臺南大學,33042,諮商與輔導學系
33,國立臺南大學,33052,國語文學系
33,國立臺南大學,33062,英語學系
33,國立臺南大學,33072,行政管理學系
33,國立臺南大學,33082,文化與自然資源學系
33,國立臺南大學,33092,經營與管理學系
33,國立臺南大學,33102,數位學習科技學系
33,國立臺南大學,33112,資訊工程學系
33,國立臺南大學,33122,電機工程學系
33,國立臺南大學,33132,材料科學系
33,國立臺南大學,33142,綠色能源科技學系
33,國立臺南大學,33152,生物科技學系
33,國立臺南大學,33162,生態暨環境資源學系
33,國立臺南大學,33172,戲劇創作與應用學系
33,國立臺南大學,33182,應用數學系
33,國立臺南大學,33192,特殊教育學系(青年儲蓄帳戶組)
33,國立臺南大學,33202,教育學系(公費生甲組)
33,國立臺南大學,33212,教育學系(公費生乙組)
33,國立臺南大學,33222,教育學系(公費生丙組)
33,國立臺南大學,33232,音樂學系
33,國立臺南大學,33242,視覺藝術與設計學系
33,國立臺南大學,33252,體育學系
34,國立東華大學,34012,應用數學系數學科學組
34,國立東華大學,34022,應用數學系統計科學組
34,國立東華大學,34032,物理學系物理組
34,國立東華大學,34042,物理學系奈米與光電科學組
34,國立東華大學,34052,化學系
34,國立東華大學,34062,生命科學系
34,國立東華大學,34072,資訊工程學系資工組
34,國立東華大學,34082,資訊工程學系國際組
34,國立東華大學,34092,電機工程學系
34,國立東華大學,34102,材料科學與工程學系
34,國立東華大學,34112,光電工程學系
34,國立東華大學,34122,企業管理學系
34,國立東華大學,34132,會計學系
34,國立東華大學,34142,資訊管理學系
34,國立東華大學,34152,國際企業學系
34,國立東華大學,34162,財務金融學系
34,國立東華大學,34172,觀光暨休閒遊憩學系
34,國立東華大學,34182,管理學院管理科學與財金國際學士學位學程
34,國立東華大學,34192,華文文學系
34,國立東華大學,34202,中國語文學系
34,國立東華大學,34212,英美語文學系
34,國立東華大學,34222,臺灣文化學系
34,國立東華大學,34232,歷史學系
34,國立東華大學,34242,經濟學系
34,國立東華大學,34252,諮商與臨床心理學系
34,國立東華大學,34262,社會學系
34,國立東華大學,34272,公共行政學系
34,國立東華大學,34282,法律學系
34,國立東華大學,34292,教育與潛能開發學系
34,國立東華大學,34302,教育行政與管理學系
34,國立東華大學,34312,特殊教育學系
34,國立東華大學,34322,幼兒教育學系
34,國立東華大學,34332,族群關係與文化學系
34,國立東華大學,34342,民族語言與傳播學系
34,國立東華大學,34352,自然資源與環境學系
34,國立東華大學,34362,音樂學系甲組
34,國立東華大學,34372,音樂學系乙組
34,國立東華大學,34382,藝術與設計學系
34,國立東華大學,34392,藝術創意產業學系
34,國立東華大學,34402,體育與運動科學系
35,臺北市立大學,35012,教育學系
35,臺北市立大學,35022,教育學系(青年儲蓄帳戶組)
35,臺北市立大學,35032,特殊教育學系
35,臺北市立大學,35042,幼兒教育學系
35,臺北市立大學,35052,幼兒教育學系(青年儲蓄帳戶組)
35,臺北市立大學,35062,心理與諮商學系
35,臺北市立大學,35072,學習與媒材設計學系
35,臺北市立大學,35082,中國語文學系
35,臺北市立大學,35092,英語教學系
35,臺北市立大學,35102,英語教學系(公費生)
35,臺北市立大學,35112,社會暨公共事務學系
35,臺北市立大學,35122,歷史與地理學系
35,臺北市立大學,35132,地球環境暨生物資源學系
35,臺北市立大學,35142,應用物理暨化學系電子物理組
35,臺北市立大學,35152,應用物理暨化學系應用化學組
35,臺北市立大學,35162,數學系
35,臺北市立大學,35172,數學系(青年儲蓄帳戶組)
35,臺北市立大學,35182,資訊科學系
35,臺北市立大學,35192,資訊科學系(青年儲蓄帳戶組)
35,臺北市立大學,35202,城市發展學系
35,臺北市立大學,35212,都會產業經營與行銷學系
35,臺北市立大學,35222,都會產業經營與行銷學系(青年儲蓄帳戶組)
35,臺北市立大學,35232,衛生福利學系
35,臺北市立大學,35242,音樂學系
35,臺北市立大學,35252,視覺藝術學系
35,臺北市立大學,35262,體育學系
35,臺北市立大學,35272,休閒運動管理學系(一般組)
35,臺北市立大學,35282,休閒運動管理學系(運動績優組)
35,臺北市立大學,35292,運動健康科學系
36,國立屏東大學,36012,教育學系
36,國立屏東大學,36022,幼兒教育學系
36,國立屏東大學,36032,幼兒教育學系(公費生)
36,國立屏東大學,36042,特殊教育學系
36,國立屏東大學,36052,教育心理與輔導學系
36,國立屏東大學,36062,中國語文學系
36,國立屏東大學,36072,英語學系
36,國立屏東大學,36082,文化創意產業學系
36,國立屏東大學,36092,社會發展學系
36,國立屏東大學,36102,應用英語學系
36,國立屏東大學,36112,應用日語學系
36,國立屏東大學,36122,視覺藝術學系數位媒體設計組
36,國立屏東大學,36132,商業自動化與管理學系
36,國立屏東大學,36142,行銷與流通管理學系
36,國立屏東大學,36152,休閒事業經營學系
36,國立屏東大學,36162,不動產經營學系
36,國立屏東大學,36172,企業管理學系
36,國立屏東大學,36182,國際貿易學系
36,國立屏東大學,36192,財務金融學系
36,國立屏東大學,36202,會計學系
36,國立屏東大學,36212,應用化學系
36,國立屏東大學,36222,應用數學系
36,國立屏東大學,36232,應用物理系物理組
36,國立屏東大學,36242,應用物理系光電暨材料組
36,國立屏東大學,36252,科普傳播學系
36,國立屏東大學,36262,電腦與智慧型機器人學士學位學程
36,國立屏東大學,36272,電腦與通訊學系
36,國立屏東大學,36282,資訊科學系
36,國立屏東大學,36292,資訊管理學系
36,國立屏東大學,36302,音樂學系
36,國立屏東大學,36312,視覺藝術學系造形藝術組
36,國立屏東大學,36322,體育學系
38,國立臺東大學,38012,教育學系
38,國立臺東大學,38022,文化資源與休閒產業學系
38,國立臺東大學,38032,幼兒教育學系
38,國立臺東大學,38042,特殊教育學系
38,國立臺東大學,38052,數位媒體與文教產業學系
38,國立臺東大學,38062,英美語文學系
38,國立臺東大學,38072,華語文學系
38,國立臺東大學,38082,身心整合與運動休閒產業學系
38,國立臺東大學,38092,公共與文化事務學系
38,國立臺東大學,38102,應用數學系
38,國立臺東大學,38112,資訊管理學系
38,國立臺東大學,38122,資訊管理學系(APCS組)
38,國立臺東大學,38132,生命科學系
38,國立臺東大學,38142,應用科學系化學及奈米科學組
38,國立臺東大學,38152,應用科學系應用物理組
38,國立臺東大學,38162,資訊工程學系
38,國立臺東大學,38172,綠色與資訊科技學士學位學程
38,國立臺東大學,38182,音樂學系(一般生)
38,國立臺東大學,38192,音樂學系(原住民生)
38,國立臺東大學,38202,美術產業學系
38,國立臺東大學,38212,體育學系
39,國立體育大學,39012,運動保健學系
39,國立體育大學,39022,休閒產業經營學系
39,國立體育大學,39032,體育推廣學系(一般組)
39,國立體育大學,39042,體育推廣學系(拔河組)
39,國立體育大學,39052,適應體育學系(圍棋組)
39,國立體育大學,39062,適應體育學系(青年儲蓄帳戶組)
39,國立體育大學,39072,適應體育學系
39,國立體育大學,39082,球類運動技術學系
40,元智大學,40012,管理學院學士班(主修：企業管理)
40,元智大學,40022,管理學院學士班(主修：財務金融)
40,元智大學,40032,管理學院學士班(主修：國際企業)
40,元智大學,40042,管理學院學士班(主修：會計)
40,元智大學,40052,管理學院學士班(英語專班)
40,元智大學,40062,應用外語學系
40,元智大學,40072,中國語文學系
40,元智大學,40082,社會暨政策科學學系
40,元智大學,40092,人文社會學院英語學士班
40,元智大學,40102,資訊傳播學系設計組
40,元智大學,40112,資訊傳播學系科技組
40,元智大學,40122,資訊管理學系
40,元智大學,40132,資訊工程學系
40,元智大學,40142,資訊工程學系(APCS組)
40,元智大學,40152,資訊學院英語學士班
40,元智大學,40162,機械工程學系
40,元智大學,40172,化學工程與材料科學學系
40,元智大學,40182,工業工程與管理學系
40,元智大學,40192,工程學院英語學士班
40,元智大學,40202,電機工程學系(甲組)
40,元智大學,40212,電機工程學系(乙組)
40,元智大學,40222,電機工程學系(丙組)
40,元智大學,40232,電機通訊學院英語學士班
40,元智大學,40242,藝術與設計學系
41,國立中正大學,41012,中國文學系
41,國立中正大學,41022,外國語文學系
41,國立中正大學,41032,歷史學系
41,國立中正大學,41042,哲學系
41,國立中正大學,41052,數學系
41,國立中正大學,41062,地球與環境科學系
41,國立中正大學,41072,物理學系
41,國立中正大學,41082,化學暨生物化學系
41,國立中正大學,41092,生物醫學科學系
41,國立中正大學,41102,社會福利學系
41,國立中正大學,41112,心理學系
41,國立中正大學,41122,勞工關係學系
41,國立中正大學,41132,政治學系
41,國立中正大學,41142,傳播學系
41,國立中正大學,41152,資訊工程學系
41,國立中正大學,41162,電機工程學系
41,國立中正大學,41172,機械工程學系
41,國立中正大學,41182,化學工程學系
41,國立中正大學,41192,通訊工程學系
41,國立中正大學,41202,經濟學系
41,國立中正大學,41212,財務金融學系
41,國立中正大學,41222,企業管理學系
41,國立中正大學,41232,會計與資訊科技學系
41,國立中正大學,41242,資訊管理學系
41,國立中正大學,41252,法律學系法學組
41,國立中正大學,41262,法律學系法制組
41,國立中正大學,41272,財經法律學系
41,國立中正大學,41282,成人及繼續教育學系
41,國立中正大學,41292,犯罪防治學系
41,國立中正大學,41302,嘉星招生甲組(工)
41,國立中正大學,41312,嘉星招生乙組(管)
41,國立中正大學,41322,嘉星招生丙組(法)
41,國立中正大學,41332,嘉星招生丁組(文)
41,國立中正大學,41342,嘉星招生戊組(理)
41,國立中正大學,41352,嘉星招生己組(社)
41,國立中正大學,41362,嘉星招生庚組(教)
41,國立中正大學,41372,嘉星招生辛組(生心)
41,國立中正大學,41382,運動競技學系
42,大葉大學,42012,機械與自動化工程學系(車輛科技與綠色能源組)
42,大葉大學,42022,機械與自動化工程學系(微機電與精密機械組)
42,大葉大學,42032,機械與自動化工程學系(機電整合組)
42,大葉大學,42042,電機工程學系
42,大葉大學,42052,電機工程學系(產學合作組)
42,大葉大學,42062,工業工程與管理學系
42,大葉大學,42072,資訊工程學系(資訊工程組)
42,大葉大學,42082,資訊工程學系(資訊應用組)
42,大葉大學,42092,環境工程學系
42,大葉大學,42102,環境工程學系(社會組)
42,大葉大學,42112,材料科學與工程學系
42,大葉大學,42122,消防安全學士學位學程
42,大葉大學,42132,企業管理學系(經營管理組)
42,大葉大學,42142,企業管理學系(數位行銷組)
42,大葉大學,42152,資訊管理學系(數位經營組)
42,大葉大學,42162,資訊管理學系(系統管理組)
42,大葉大學,42172,人力資源暨公共關係學系(人力資源管理組)
42,大葉大學,42182,人力資源暨公共關係學系(行銷公關組)
42,大葉大學,42192,會計資訊學系(會計管理組)
42,大葉大學,42202,會計資訊學系(投資理財組)
42,大葉大學,42212,國際企業管理學系(國際貿易組)
42,大葉大學,42222,國際企業管理學系(跨境電商組)
42,大葉大學,42232,財務金融學系(銀行專業組)
42,大葉大學,42242,財務金融學系(投資管理組)
42,大葉大學,42252,財務金融學系(公司財務組)
42,大葉大學,42262,英語學系
42,大葉大學,42272,應用日語學系
42,大葉大學,42282,食品暨應用生物科技學系(食品科學組)
42,大葉大學,42292,食品暨應用生物科技學系(應用生技組)
42,大葉大學,42302,生物醫學系(生物醫藥組)
42,大葉大學,42312,生物醫學系(醫藥檢驗與管理組)
42,大葉大學,42322,生物資源學系(生態經營與生物多樣性組)
42,大葉大學,42332,生物資源學系(醫藥微生物組)
42,大葉大學,42342,藥用植物與保健學系(中藥保健組)
42,大葉大學,42352,藥用植物與保健學系(藥粧經絡組)
42,大葉大學,42362,觀光旅遊學系
42,大葉大學,42372,餐旅管理學系
42,大葉大學,42382,休閒事業管理學系
42,大葉大學,42392,婚禮企劃暨節慶管理學士學位學程
42,大葉大學,42402,烘焙暨飲料調製學士學位學程
42,大葉大學,42412,護理學系
42,大葉大學,42422,運動健康管理學系(運動健康指導組)
42,大葉大學,42432,運動健康管理學系(運動治療組)
42,大葉大學,42442,視光學系
42,大葉大學,42452,醫療器材設計與材料學士學位學程
42,大葉大學,42462,醫療器材設計與材料學士學位學程(醫學應用組)
42,大葉大學,42472,工業設計學系
42,大葉大學,42482,多媒體數位內容學士學位學程
42,大葉大學,42492,傳播藝術學士學位學程
42,大葉大學,42502,造形藝術學系(工藝文創組)
42,大葉大學,42512,造形藝術學系(藝術創作組)
42,大葉大學,42522,視覺傳達設計學系(視覺設計組)
42,大葉大學,42532,視覺傳達設計學系(動態媒體組)
42,大葉大學,42542,空間設計學系建築組
42,大葉大學,42552,空間設計學系室內設計組
43,中華大學,43012,資訊工程學系資訊工程組
43,中華大學,43022,資訊工程學系智慧軟體設計組
43,中華大學,43032,資訊工程學系資訊應用組
43,中華大學,43042,資訊工程學系人工智慧組
43,中華大學,43052,電機工程學系
43,中華大學,43062,機械工程學系智慧自動化組
43,中華大學,43072,機械工程學系智慧機械組
43,中華大學,43082,機械工程學系航空技術組
43,中華大學,43092,光電與材料工程學系
43,中華大學,43102,生物資訊學系生醫大數據組
43,中華大學,43112,生物資訊學系基因科技組
43,中華大學,43122,工業管理學系
43,中華大學,43132,企業管理學系
43,中華大學,43142,財務管理學系金融資訊管理組
43,中華大學,43152,財務管理學系財務金融管理組
43,中華大學,43162,財務管理學系會計資訊與稅務組
43,中華大學,43172,運輸科技與物流管理學系
43,中華大學,43182,科技管理學系
43,中華大學,43192,資訊管理學系資訊系統設計與智慧製造組
43,中華大學,43202,資訊管理學系資訊管理應用組
43,中華大學,43212,資訊管理學系手機軟體設計組
43,中華大學,43222,資訊管理學系巨量資料應用組
43,中華大學,43232,建築與都市計畫學系建築設計組
43,中華大學,43242,建築與都市計畫學系都市計畫組
43,中華大學,43252,建築與都市計畫學系建築科技組
43,中華大學,43262,景觀建築學系
43,中華大學,43272,土木工程學系
43,中華大學,43282,工業產品設計學系工業設計組
43,中華大學,43292,工業產品設計學系創意生活設計組
43,中華大學,43302,應用日語學系商務組
43,中華大學,43312,應用日語學系語文組
43,中華大學,43322,應用日語學系觀光組
43,中華大學,43332,行政管理學系
43,中華大學,43342,餐旅管理學系
43,中華大學,43352,旅遊與休閒學系
43,中華大學,43362,觀光與會展活動學系
45,義守大學,45012,電機工程學系
45,義守大學,45022,電子工程學系
45,義守大學,45032,資訊工程學系
45,義守大學,45042,資訊工程學系(APCS組)
45,義守大學,45052,通訊工程學系
45,義守大學,45062,機械與自動化工程學系
45,義守大學,45072,化學工程學系
45,義守大學,45082,土木與生態工程學系
45,義守大學,45092,材料科學與工程學系
45,義守大學,45102,財務與計算數學系
45,義守大學,45112,生物醫學工程學系
45,義守大學,45122,智慧化自動控制英語學士學位學程
45,義守大學,45132,工業管理學系
45,義守大學,45142,資訊管理學系
45,義守大學,45152,企業管理學系
45,義守大學,45162,財務金融管理學系財務管理組
45,義守大學,45172,財務金融管理學系金融管理組
45,義守大學,45182,會計學系財稅規劃組
45,義守大學,45192,會計學系管理應用組
45,義守大學,45202,國際商務學系
45,義守大學,45212,公共政策與管理學系
45,義守大學,45222,醫務管理學系
45,義守大學,45232,健康管理學系
45,義守大學,45242,餐旅管理學系餐飲管理組
45,義守大學,45252,餐旅管理學系旅館管理組
45,義守大學,45262,休閒事業管理學系活動企劃與行銷組
45,義守大學,45272,休閒事業管理學系休閒產業經營組
45,義守大學,45282,觀光學系
45,義守大學,45292,廚藝學系中西廚藝組
45,義守大學,45302,廚藝學系烘焙廚藝組
45,義守大學,45312,國際企業經營學系(國際學院)
45,義守大學,45322,國際財務金融學系(國際學院)
45,義守大學,45332,國際觀光餐旅學系(國際學院)
45,義守大學,45342,娛樂事業管理學系影視娛樂組(國際學院)
45,義守大學,45352,娛樂事業管理學系活動策展組(國際學院)
45,義守大學,45362,應用英語學系
45,義守大學,45372,應用日語學系
45,義守大學,45382,大眾傳播學系
45,義守大學,45392,創意商品設計學系文化創意組
45,義守大學,45402,創意商品設計學系生活創意組
45,義守大學,45412,電影與電視學系編導製片組
45,義守大學,45422,電影與電視學系影視技術組
45,義守大學,45432,數位多媒體設計學系數位動畫設計組
45,義守大學,45442,數位多媒體設計學系互動媒體設計組
45,義守大學,45452,傳播產製英語學士學位學程
45,義守大學,45462,生物科技學系生物醫藥組
45,義守大學,45472,生物科技學系食品生技組
45,義守大學,45482,營養學系臨床營養組
45,義守大學,45492,營養學系食品營養組
45,義守大學,45502,護理學系
45,義守大學,45512,醫學影像暨放射科學系
45,義守大學,45522,物理治療學系
45,義守大學,45532,職能治療學系
45,義守大學,45542,醫學檢驗技術學系
45,義守大學,45552,醫學系(公費生)
46,銘傳大學,46012,企業管理學系品牌行銷組(臺北校區)
46,銘傳大學,46022,企業管理學系企業管理組(臺北校區)
46,銘傳大學,46032,企業管理學系數位經營組(臺北校區)
46,銘傳大學,46042,會計學系會計審計組(臺北校區)
46,銘傳大學,46052,會計學系稅務規劃組(臺北校區)
46,銘傳大學,46062,財務金融學系國際金融管理組(臺北校區)
46,銘傳大學,46072,財務金融學系財務金融組(臺北校區)
46,銘傳大學,46082,風險管理與保險學系保險金融與行銷組(臺北校區)
46,銘傳大學,46092,風險管理與保險學系風險管理組(臺北校區)
46,銘傳大學,46102,國際企業學系跨境電商經營組(臺北校區)
46,銘傳大學,46112,國際企業學系外貿行銷管理組(臺北校區)
46,銘傳大學,46122,國際企業學系全球運籌營運組(臺北校區)
46,銘傳大學,46132,新媒體暨傳播管理學系(臺北校區)
46,銘傳大學,46142,廣播電視學系(臺北校區)
46,銘傳大學,46152,廣告暨策略行銷學系(臺北校區)
46,銘傳大學,46162,新聞學系(臺北校區)
46,銘傳大學,46172,法律學系(臺北校區)
46,銘傳大學,46182,財金法律學系(臺北校區)
46,銘傳大學,46192,國際企業與貿易學士學位學程(全英語授課．臺北校區)
46,銘傳大學,46202,國際事務與外交學士學位學程(全英語授課．桃園校區)
46,銘傳大學,46212,應用中國文學系文教組(桃園校區)
46,銘傳大學,46222,應用中國文學系文創組(桃園校區)
46,銘傳大學,46232,應用英語學系英語教學與文化溝通組(桃園校區)
46,銘傳大學,46242,應用英語學系英語商務與觀光組(桃園校區)
46,銘傳大學,46252,應用日語學系(桃園校區)
46,銘傳大學,46262,華語文教學學系(桃園校區)
46,銘傳大學,46272,商業設計學系(桃園校區)
46,銘傳大學,46282,商品設計學系(桃園校區)
46,銘傳大學,46292,數位媒體設計學系(桃園校區)
46,銘傳大學,46302,數位媒體設計學系(青年儲蓄帳戶組．桃園校區)
46,銘傳大學,46312,建築學系(桃園校區)
46,銘傳大學,46322,都市規劃與防災學系(桃園校區)
46,銘傳大學,46332,動漫文創設計學士學位學程(桃園校區)
46,銘傳大學,46342,觀光事業學系(桃園校區)
46,銘傳大學,46352,休閒遊憩管理學系(桃園校區)
46,銘傳大學,46362,餐旅管理學系(桃園校區)
46,銘傳大學,46372,犯罪防治學系(桃園校區)
46,銘傳大學,46382,公共事務學系(桃園校區)
46,銘傳大學,46392,諮商與工商心理學系(桃園校區)
46,銘傳大學,46402,應用統計與資料科學學系應用統計組(桃園校區)
46,銘傳大學,46412,應用統計與資料科學學系大數據管理組(桃園校區)
46,銘傳大學,46422,經濟與金融學系金融理財組(桃園校區)
46,銘傳大學,46432,經濟與金融學系應用經濟組(桃園校區)
46,銘傳大學,46442,金融科技應用學士學位學程(桃園校區)
46,銘傳大學,46452,資訊管理學系行動商務管理組(桃園校區)
46,銘傳大學,46462,資訊管理學系巨量資料管理組(桃園校區)
46,銘傳大學,46472,資訊管理學系電子商務與創新創業組(桃園校區)
46,銘傳大學,46482,資訊傳播工程學系(桃園校區)
46,銘傳大學,46492,資訊工程學系(桃園校區)
46,銘傳大學,46502,資訊工程學系(APCS組．桃園校區)
46,銘傳大學,46512,電子工程學系半導體光電組(桃園校區)
46,銘傳大學,46522,電子工程學系計算機應用組(桃園校區)
46,銘傳大學,46532,電腦與通訊工程學系(桃園校區)
46,銘傳大學,46542,醫療資訊與管理學系健康產業管理組(桃園校區)
46,銘傳大學,46552,醫療資訊與管理學系醫療數據資訊組(桃園校區)
46,銘傳大學,46562,生物科技學系生物醫學組(桃園校區)
46,銘傳大學,46572,生物科技學系食品生技組(桃園校區)
46,銘傳大學,46582,生物醫學工程學系專利醫材組(桃園校區)
46,銘傳大學,46592,生物醫學工程學系智慧醫療組(桃園校區)
47,世新大學,47012,新聞學系
47,世新大學,47022,廣播電視電影學系廣播組
47,世新大學,47032,廣播電視電影學系電視組
47,世新大學,47042,廣播電視電影學系電影組
47,世新大學,47052,圖文傳播暨數位出版學系
47,世新大學,47062,公共關係暨廣告學系
47,世新大學,47072,口語傳播學系
47,世新大學,47082,資訊傳播學系
47,世新大學,47092,數位多媒體設計學系動畫設計組
47,世新大學,47102,數位多媒體設計學系遊戲設計組
47,世新大學,47112,傳播管理學系
47,世新大學,47122,資訊管理學系資訊管理組
47,世新大學,47132,資訊管理學系資訊科技組
47,世新大學,47142,資訊管理學系網路科技組
47,世新大學,47152,財務金融學系
47,世新大學,47162,行政管理學系
47,世新大學,47172,觀光學系餐旅經營管理組
47,世新大學,47182,觀光學系旅遊暨休閒事業管理組
47,世新大學,47192,觀光學系觀光規劃暨資源管理組
47,世新大學,47202,經濟學系
47,世新大學,47212,企業管理學系
47,世新大學,47222,社會心理學系
47,世新大學,47232,英語學系
47,世新大學,47242,中國文學系
47,世新大學,47252,日本語文學系
47,世新大學,47262,法律學系
50,實踐大學,50012,食品營養與保健生技學系(臺北校區)
50,實踐大學,50022,社會工作學系(臺北校區)
50,實踐大學,50032,家庭研究與兒童發展學系(臺北校區)
50,實踐大學,50042,餐飲管理學系(臺北校區)
50,實踐大學,50052,服裝設計學系(臺北校區)
50,實踐大學,50062,工業產品設計學系(臺北校區)
50,實踐大學,50072,媒體傳達設計學系數位3D動畫設計組(臺北校區)
50,實踐大學,50082,媒體傳達設計學系創意媒體設計組(臺北校區)
50,實踐大學,50092,建築設計學系(臺北校區)
50,實踐大學,50102,會計學系(臺北校區)
50,實踐大學,50112,國際經營與貿易學系(臺北校區)
50,實踐大學,50122,企業管理學系(臺北校區)
50,實踐大學,50132,管理學院國際企業英語學士學位學程(臺北校區)
50,實踐大學,50142,財務金融學系(臺北校區)
50,實踐大學,50152,風險管理與保險學系(臺北校區)
50,實踐大學,50162,資訊科技與管理學系(臺北校區)
50,實踐大學,50172,資訊科技與管理學系APCS組(臺北校區)
50,實踐大學,50182,資訊科技與管理學系(青年儲蓄帳戶組)(臺北校區)
50,實踐大學,50192,應用外語學系(臺北校區)
50,實踐大學,50202,國際貿易學系兩岸經貿組(高雄校區)
50,實踐大學,50212,國際貿易學系貿易行銷組(高雄校區)
50,實踐大學,50222,國際貿易學系東亞經貿組(高雄校區)
50,實踐大學,50232,會計暨稅務學系洗錢防制組(高雄校區)
50,實踐大學,50242,會計暨稅務學系企業治理組(高雄校區)
50,實踐大學,50252,會計暨稅務學系財富管理組(高雄校區)
50,實踐大學,50262,資訊管理學系行動商務設計組(高雄校區)
50,實踐大學,50272,資訊管理學系數位金融組(高雄校區)
50,實踐大學,50282,資訊管理學系物聯網應用組(高雄校區)
50,實踐大學,50292,金融管理學系數位金融組(高雄校區)
50,實踐大學,50302,金融管理學系金融實務組(高雄校區)
50,實踐大學,50312,金融管理學系金融商品組(高雄校區)
50,實踐大學,50322,金融管理學系財務工程組(高雄校區)
50,實踐大學,50332,國際企業管理學系東南亞商務組(高雄校區)
50,實踐大學,50342,國際企業管理學系日韓商務組(高雄校區)
50,實踐大學,50352,國際企業管理學系兩岸工商管理組(高雄校區)
50,實踐大學,50362,國際企業管理學系德國經貿商務組(高雄校區)
50,實踐大學,50372,行銷管理學系創客企劃組(高雄校區)
50,實踐大學,50382,行銷管理學系百貨服務業管理組(高雄校區)
50,實踐大學,50392,行銷管理學系數位行銷與市調組(高雄校區)
50,實踐大學,50402,資訊科技與通訊學系App設計組(高雄校區)
50,實踐大學,50412,資訊科技與通訊學系智慧機器人組(高雄校區)
50,實踐大學,50422,資訊科技與通訊學系無人機應用設計組(高雄校區)
50,實踐大學,50432,資訊科技與通訊學系人工智慧應用設計組(高雄校區)
50,實踐大學,50442,資訊模擬與設計學系電腦動畫設計組(高雄校區)
50,實踐大學,50452,資訊模擬與設計學系互動遊戲設計組(高雄校區)
50,實踐大學,50462,資訊模擬與設計學系AR/VR體感科技組(高雄校區)
50,實踐大學,50472,服飾設計與經營學系(高雄校區)
50,實踐大學,50482,應用英語學系(高雄校區)
50,實踐大學,50492,應用英語學系英日雙語組(高雄校區)
50,實踐大學,50502,應用英語學系國際商務組(高雄校區)
50,實踐大學,50512,應用英語學系英語教學組(高雄校區)
50,實踐大學,50522,觀光管理學系航空旅運組(高雄校區)
50,實踐大學,50532,觀光管理學系海外觀光實務組(日文組)(高雄校區)
50,實踐大學,50542,觀光管理學系海外觀光實務組(英文組)(高雄校區)
50,實踐大學,50552,觀光管理學系國際飯店暨會展管理組(高雄校區)
50,實踐大學,50562,觀光管理學系智慧旅遊暨多媒體行銷組(高雄校區)
50,實踐大學,50572,休閒產業管理學系休閒文創規劃組(高雄校區)
50,實踐大學,50582,休閒產業管理學系遊憩運動企劃組(高雄校區)
50,實踐大學,50592,休閒產業管理學系精品咖啡烘焙經營組(高雄校區)
50,實踐大學,50602,時尚設計學系(高雄校區)
50,實踐大學,50612,應用中文學系文創設計組(高雄校區)
50,實踐大學,50622,應用中文學系劇本創作組(高雄校區)
50,實踐大學,50632,應用中文學系文化傳播組(高雄校區)
50,實踐大學,50642,應用日文學系(高雄校區)
50,實踐大學,50652,應用日文學系商務組(高雄校區)
50,實踐大學,50662,應用日文學系翻譯組(高雄校區)
50,實踐大學,50672,應用日文學系日本實習組(高雄校區)
50,實踐大學,50682,電腦動畫學士學位學程(高雄校區)
50,實踐大學,50692,音樂學系(臺北校區)
50,實踐大學,50702,資訊模擬與設計學系遊戲美術設計組(高雄校區)
50,實踐大學,50712,服飾設計與經營學系美術組(高雄校區)
50,實踐大學,50722,電腦動畫學士學位學程角色動畫組(高雄校區)
50,實踐大學,50732,電腦動畫學士學位學程視覺特效組(高雄校區)
51,長榮大學,51012,企業管理學系行銷組
51,長榮大學,51022,企業管理學系數位經營組
51,長榮大學,51032,企業管理學系產學合作組
51,長榮大學,51042,國際企業學系跨境行銷組
51,長榮大學,51052,國際企業學系貿易物流組
51,長榮大學,51062,國際企業學系商務管理組
51,長榮大學,51072,會計資訊學系
51,長榮大學,51082,會計資訊學系稅務應用組
51,長榮大學,51092,航運管理學系
51,長榮大學,51102,航運管理學系產學發展組
51,長榮大學,51112,航運管理學系(青年儲蓄帳戶組)
51,長榮大學,51122,土地管理與開發學系
51,長榮大學,51132,財務金融學系
51,長榮大學,51142,財務金融學系投資資訊組
51,長榮大學,51152,財務金融學系金融理財組
51,長榮大學,51162,財務金融學系產業實習組
51,長榮大學,51172,創新應用管理學系企業創新組
51,長榮大學,51182,創新應用管理學系企業營運組
51,長榮大學,51192,觀光與餐飲管理學系觀光旅遊組
51,長榮大學,51202,觀光與餐飲管理學系餐飲技術組
51,長榮大學,51212,觀光與餐飲管理學系餐飲管理組
51,長榮大學,51222,國際會展管理學士學位學程會議展覽組
51,長榮大學,51232,國際會展管理學士學位學程旅遊管理組
51,長榮大學,51242,不動產財務金融學士學位學程
51,長榮大學,51252,醫務管理學系醫院經營管理組
51,長榮大學,51262,醫務管理學系長照機構管理組
51,長榮大學,51272,醫務管理學系健康資訊服務組
51,長榮大學,51282,生物科技學系生醫產業管理與行銷組
51,長榮大學,51292,生物科技學系生物檢測組
51,長榮大學,51302,生物科技學系生物醫學組
51,長榮大學,51312,健康心理學系
51,長榮大學,51322,保健營養學系
51,長榮大學,51332,護理學系
51,長榮大學,51342,醫藥科學產業學系醫藥產業組
51,長榮大學,51352,醫藥科學產業學系醫學科學組
51,長榮大學,51362,醫藥科學產業學系藥物科技組
51,長榮大學,51372,醫學社會暨健康照護學士學位學程健康照護組
51,長榮大學,51382,醫學社會暨健康照護學士學位學程社會工作組
51,長榮大學,51392,蘭花產業應用學士學位學程蘭花國際行銷組
51,長榮大學,51402,蘭花產業應用學士學位學程蘭花創意應用組
51,長榮大學,51412,職業安全與衛生學系職場健康促進管理組
51,長榮大學,51422,職業安全與衛生學系職業安全組
51,長榮大學,51432,職業安全與衛生學系職業衛生組
51,長榮大學,51442,職業安全與衛生學系職業安全衛生管理組
51,長榮大學,51452,職業安全與衛生學系(青年儲蓄帳戶組)
51,長榮大學,51462,環境與食品安全檢驗學士學位學程環境檢驗組
51,長榮大學,51472,環境與食品安全檢驗學士學位學程食品檢驗組
51,長榮大學,51482,環境與食品安全檢驗學士學位學程食品安全管理組
51,長榮大學,51492,消防安全學士學位學程消防防災技術組
51,長榮大學,51502,消防安全學士學位學程消防實務管理組
51,長榮大學,51512,消防安全學士學位學程火場鑑識組
51,長榮大學,51522,綠能與環境資源學系綠能產業管理組
51,長榮大學,51532,綠能與環境資源學系綠能環境科技組
51,長榮大學,51542,綠能與環境資源學系綠能園區實習組
51,長榮大學,51552,大眾傳播學系A組
51,長榮大學,51562,大眾傳播學系B組
51,長榮大學,51572,大眾傳播學系C組
51,長榮大學,51582,翻譯學系
51,長榮大學,51592,翻譯學系經貿翻譯組
51,長榮大學,51602,翻譯學系文化與觀光組
51,長榮大學,51612,翻譯學系(青年儲蓄帳戶組)
51,長榮大學,51622,社會工作學系
51,長榮大學,51632,社會工作學系兒少家庭服務組
51,長榮大學,51642,社會工作學系高齡福利服務組
51,長榮大學,51652,應用日語學系語文溝通組
51,長榮大學,51662,應用日語學系觀光文化組
51,長榮大學,51672,應用日語學系經濟貿易組
51,長榮大學,51682,應用哲學系社會關懷組
51,長榮大學,51692,應用哲學系公共參與組
51,長榮大學,51702,東南亞文化與產業學士學位學程文化與觀光組
51,長榮大學,51712,東南亞文化與產業學士學位學程產業與商貿組
51,長榮大學,51722,資訊暨設計學院學士班資訊管理組
51,長榮大學,51732,資訊暨設計學院學士班資訊工程組
51,長榮大學,51742,資訊暨設計學院學士班數位內容設計組
51,長榮大學,51752,資訊暨設計學院學士班互動設計組
51,長榮大學,51762,資訊暨設計學院學士班
51,長榮大學,51772,資訊暨設計學院學士班(APCS組)
51,長榮大學,51782,媒體設計科技學系A組
51,長榮大學,51792,媒體設計科技學系B組
51,長榮大學,51802,美術學系藝術創作組
51,長榮大學,51812,美術學系應用藝術組
51,長榮大學,51822,書畫藝術學系
51,長榮大學,51832,台灣文化創意產業學士學位學程
51,長榮大學,51842,運動競技學系
56,國立臺灣藝術大學,56012,圖文傳播藝術學系
56,國立臺灣藝術大學,56022,廣播電視學系
56,國立臺灣藝術大學,56032,電影學系
56,國立臺灣藝術大學,56042,戲劇學系
56,國立臺灣藝術大學,56052,音樂學系
56,國立臺灣藝術大學,56062,中國音樂學系作曲組
56,國立臺灣藝術大學,56072,中國音樂學系聲樂組
56,國立臺灣藝術大學,56082,中國音樂學系管樂組
56,國立臺灣藝術大學,56092,中國音樂學系彈弦組
56,國立臺灣藝術大學,56102,中國音樂學系撥弦組
56,國立臺灣藝術大學,56112,中國音樂學系擦弦組(一)-胡琴
56,國立臺灣藝術大學,56122,中國音樂學系擦弦組(二)-低音擦弦
56,國立臺灣藝術大學,56132,中國音樂學系擊樂組
56,國立臺灣藝術大學,56142,美術學系
56,國立臺灣藝術大學,56152,書畫藝術學系
56,國立臺灣藝術大學,56162,雕塑學系
56,國立臺灣藝術大學,56172,古蹟藝術修護學系
56,國立臺灣藝術大學,56182,視覺傳達設計學系
56,國立臺灣藝術大學,56192,工藝設計學系
56,國立臺灣藝術大學,56202,多媒體動畫藝術學系
56,國立臺灣藝術大學,56212,舞蹈學系
58,國立暨南國際大學,58012,中國語文學系
58,國立暨南國際大學,58022,外國語文學系
58,國立暨南國際大學,58032,社會政策與社會工作學系
58,國立暨南國際大學,58042,公共行政與政策學系
58,國立暨南國際大學,58052,歷史學系
58,國立暨南國際大學,58062,東南亞學系
58,國立暨南國際大學,58072,國際企業學系
58,國立暨南國際大學,58082,經濟學系
58,國立暨南國際大學,58092,資訊管理學系
58,國立暨南國際大學,58102,資訊管理學系(APCS組)
58,國立暨南國際大學,58112,財務金融學系
58,國立暨南國際大學,58122,觀光休閒與餐旅管理學系觀光休閒組
58,國立暨南國際大學,58132,觀光休閒與餐旅管理學系餐旅管理組
58,國立暨南國際大學,58142,管理學院學士班
58,國立暨南國際大學,58152,國際文教與比較教育學系
58,國立暨南國際大學,58162,教育政策與行政學系
58,國立暨南國際大學,58172,諮商心理與人力資源發展學系諮商心理組
58,國立暨南國際大學,58182,諮商心理與人力資源發展學系終身學習與人力資源發展組
58,國立暨南國際大學,58192,資訊工程學系
58,國立暨南國際大學,58202,資訊工程學系(APCS組)
58,國立暨南國際大學,58212,土木工程學系
58,國立暨南國際大學,58222,電機工程學系
58,國立暨南國際大學,58232,應用化學系
58,國立暨南國際大學,58242,應用材料及光電工程學系
58,國立暨南國際大學,58252,不分系招生(音樂飛揚組)
59,南華大學,59012,財務金融學系
59,南華大學,59022,企業管理學系經營管理組
59,南華大學,59032,企業管理學系行銷與創業組
59,南華大學,59042,文化創意事業管理學系
59,南華大學,59052,旅遊管理學系
59,南華大學,59062,管理學院國際企業學士學位學程
59,南華大學,59072,生死學系社會工作組
59,南華大學,59082,生死學系殯葬服務組
59,南華大學,59092,生死學系諮商組
59,南華大學,59102,幼兒教育學系
59,南華大學,59112,文學系
59,南華大學,59122,外國語文學系
59,南華大學,59132,應用社會學系社會學組
59,南華大學,59142,應用社會學系社會工作組
59,南華大學,59152,傳播學系
59,南華大學,59162,傳播學系廣告公關新聞組
59,南華大學,59172,傳播學系數位影音設計組
59,南華大學,59182,傳播學系影劇表演藝術組
59,南華大學,59192,國際事務與企業學系
59,南華大學,59202,視覺藝術與設計學系
59,南華大學,59212,民族音樂學系
59,南華大學,59222,建築與景觀學系社會組
59,南華大學,59232,建築與景觀學系自然組
59,南華大學,59242,產品與室內設計學系
59,南華大學,59252,資訊工程學系社會組
59,南華大學,59262,資訊工程學系自然組
59,南華大學,59272,資訊工程學系智慧產業樂齡樂活組
59,南華大學,59282,資訊工程學系青年儲蓄帳戶組
59,南華大學,59292,自然生物科技學系
59,南華大學,59302,資訊管理學系資訊管理組
59,南華大學,59312,資訊管理學系多媒體暨行動商務組
60,國立臺灣體育運動大學,60012,運動事業管理學系
60,國立臺灣體育運動大學,60022,運動健康科學學系
60,國立臺灣體育運動大學,60032,運動資訊與傳播學系(傳播組)
60,國立臺灣體育運動大學,60042,運動資訊與傳播學系(資訊組)
60,國立臺灣體育運動大學,60052,體育學系(青年儲蓄帳戶組)
60,國立臺灣體育運動大學,60062,體育學系(一般組)
60,國立臺灣體育運動大學,60072,休閒運動學系(一般組)
60,國立臺灣體育運動大學,60082,體育學系(運動專長組)
60,國立臺灣體育運動大學,60092,休閒運動學系(休閒運動組)
63,國立臺南藝術大學,63012,藝術史學系
63,國立臺南藝術大學,63022,應用音樂學系
63,國立臺南藝術大學,63032,材質創作與設計系
65,玄奘大學,65012,社會工作學系
65,玄奘大學,65022,應用心理學系
65,玄奘大學,65032,法律學系
65,玄奘大學,65042,宗教與文化學系
65,玄奘大學,65052,大眾傳播學系
65,玄奘大學,65062,影劇藝術學系
65,玄奘大學,65072,視覺傳達設計學系廣告設計組
65,玄奘大學,65082,視覺傳達設計學系數位媒體組
65,玄奘大學,65092,藝術與創意設計學系
65,玄奘大學,65102,時尚設計學系
65,玄奘大學,65112,應用日語學系
65,玄奘大學,65122,餐旅管理學系
79,真理大學,79012,人文與資訊學系一般組
79,真理大學,79022,人文與資訊學系文化行銷組
79,真理大學,79032,人文與資訊學系數位應用組
79,真理大學,79042,宗教文化與資訊管理學系
79,真理大學,79052,宗教文化與資訊管理學系-實務組
79,真理大學,79062,英美語文學系
79,真理大學,79072,應用日語學系
79,真理大學,79082,台灣文學系
79,真理大學,79092,統計資訊與精算學系統計與精算組
79,真理大學,79102,統計資訊與精算學系大數據實務組
79,真理大學,79112,資訊工程學系
79,真理大學,79122,資訊工程學系科技應用組
79,真理大學,79132,資訊工程學系數位創意組
79,真理大學,79142,資訊工程學系互動多媒體組
79,真理大學,79152,資訊工程學系大數據應用組
79,真理大學,79162,法律學系
79,真理大學,79172,會計資訊學系
79,真理大學,79182,財務金融學系
79,真理大學,79192,國際貿易學系
79,真理大學,79202,國際貿易學系(青年儲蓄帳戶組)
79,真理大學,79212,理財與稅務規劃學系
79,真理大學,79222,經濟學系
79,真理大學,79232,工業管理與經營資訊學系
79,真理大學,79242,企業管理學系
79,真理大學,79252,資訊管理學系資管應用組
79,真理大學,79262,資訊管理學系創新實務組
79,真理大學,79272,資訊管理學系電子商務組
79,真理大學,79282,運動管理學系
79,真理大學,79292,運動資訊傳播學系
79,真理大學,79302,觀光事業學系
79,真理大學,79312,觀光數位知識學系一般組
79,真理大學,79322,觀光數位知識學系旅遊組
79,真理大學,79332,觀光數位知識學系餐旅組
79,真理大學,79342,航空事業學系
79,真理大學,79352,音樂應用學系-行政管理組
79,真理大學,79362,音樂應用學系-演奏教學組
99,國立臺北大學,99012,法律學系法學組
99,國立臺北大學,99022,法律學系司法組
99,國立臺北大學,99032,法律學系財經法組
99,國立臺北大學,99042,企業管理學系
99,國立臺北大學,99052,金融與合作經營學系
99,國立臺北大學,99062,會計學系
99,國立臺北大學,99072,統計學系
99,國立臺北大學,99082,休閒運動管理學系
99,國立臺北大學,99092,公共行政暨政策學系
99,國立臺北大學,99102,財政學系
99,國立臺北大學,99112,不動產與城鄉環境學系
99,國立臺北大學,99122,經濟學系
99,國立臺北大學,99132,社會學系
99,國立臺北大學,99142,社會工作學系
99,國立臺北大學,99152,中國文學系
99,國立臺北大學,99162,應用外語學系
99,國立臺北大學,99172,歷史學系
99,國立臺北大學,99182,資訊工程學系
99,國立臺北大學,99192,資訊工程學系(APCS組)
99,國立臺北大學,99202,通訊工程學系
99,國立臺北大學,99212,電機工程學系
99,國立臺北大學,99222,飛鳶組招生
100,國立嘉義大學,100012,教育學系
100,國立嘉義大學,100022,輔導與諮商學系
100,國立嘉義大學,100032,特殊教育學系
100,國立嘉義大學,100042,幼兒教育學系
100,國立嘉義大學,100052,數位學習設計與管理學系
100,國立嘉義大學,100062,中國文學系
100,國立嘉義大學,100072,應用歷史學系
100,國立嘉義大學,100082,外國語言學系英語教學組
100,國立嘉義大學,100092,外國語言學系應用外語組
100,國立嘉義大學,100102,企業管理學系
100,國立嘉義大學,100112,應用經濟學系
100,國立嘉義大學,100122,生物事業管理學系
100,國立嘉義大學,100132,資訊管理學系
100,國立嘉義大學,100142,行銷與觀光管理學系
100,國立嘉義大學,100152,行銷與觀光管理學系(青年儲蓄帳戶組)
100,國立嘉義大學,100162,財務金融學系
100,國立嘉義大學,100172,農藝學系
100,國立嘉義大學,100182,園藝學系
100,國立嘉義大學,100192,森林暨自然資源學系
100,國立嘉義大學,100202,木質材料與設計學系
100,國立嘉義大學,100212,動物科學系
100,國立嘉義大學,100222,生物農業科技學系
100,國立嘉義大學,100232,景觀學系
100,國立嘉義大學,100242,植物醫學系
100,國立嘉義大學,100252,電子物理學系
100,國立嘉義大學,100262,應用化學系
100,國立嘉義大學,100272,應用數學系
100,國立嘉義大學,100282,資訊工程學系
100,國立嘉義大學,100292,生物機電工程學系
100,國立嘉義大學,100302,土木與水資源工程學系
100,國立嘉義大學,100312,電機工程學系
100,國立嘉義大學,100322,機械與能源工程學系
100,國立嘉義大學,100332,食品科學系
100,國立嘉義大學,100342,水生生物科學系
100,國立嘉義大學,100352,生物資源學系
100,國立嘉義大學,100362,生化科技學系
100,國立嘉義大學,100372,微生物免疫與生物藥學系
100,國立嘉義大學,100382,獸醫學系
100,國立嘉義大學,100392,音樂學系
100,國立嘉義大學,100402,視覺藝術學系
100,國立嘉義大學,100412,體育與健康休閒學系
101,國立高雄大學,101012,西洋語文學系
101,國立高雄大學,101022,運動健康與休閒學系
101,國立高雄大學,101032,東亞語文學系日語組
101,國立高雄大學,101042,東亞語文學系韓語組
101,國立高雄大學,101052,東亞語文學系越語組
101,國立高雄大學,101062,法律學系
101,國立高雄大學,101072,政治法律學系
101,國立高雄大學,101082,財經法律學系
101,國立高雄大學,101092,應用經濟學系
101,國立高雄大學,101102,亞太工商管理學系企業管理組
101,國立高雄大學,101112,亞太工商管理學系工業管理組
101,國立高雄大學,101122,資訊管理學系
101,國立高雄大學,101132,金融管理學系
101,國立高雄大學,101142,應用數學系
101,國立高雄大學,101152,應用化學系
101,國立高雄大學,101162,應用物理學系
101,國立高雄大學,101172,生命科學系
101,國立高雄大學,101182,電機工程學系
101,國立高雄大學,101192,土木與環境工程學系土木工程組
101,國立高雄大學,101202,土木與環境工程學系環境工程組
101,國立高雄大學,101212,化學工程及材料工程學系
101,國立高雄大學,101222,資訊工程學系
101,國立高雄大學,101232,建築學系
101,國立高雄大學,101242,運動健康與休閒學系(青年儲蓄帳戶組)
101,國立高雄大學,101252,資訊工程學系(APCS組)
101,國立高雄大學,101262,工藝與創意設計學系
108,慈濟大學,108012,醫學系
108,慈濟大學,108022,醫學檢驗生物技術學系
108,慈濟大學,108032,公共衛生學系
108,慈濟大學,108042,護理學系
108,慈濟大學,108052,醫學資訊學系
108,慈濟大學,108062,物理治療學系
108,慈濟大學,108072,生命科學系
108,慈濟大學,108082,分子生物暨人類遺傳學系
108,慈濟大學,108092,傳播學系
108,慈濟大學,108102,兒童發展與家庭教育學系
108,慈濟大學,108112,社會工作學系
108,慈濟大學,108122,人類發展與心理學系
108,慈濟大學,108132,東方語文學系中文組
108,慈濟大學,108142,東方語文學系日文組
108,慈濟大學,108152,英美語文學系
108,慈濟大學,108162,醫學系(公費生)
108,慈濟大學,108172,翔飛A組
108,慈濟大學,108182,翔飛B組
108,慈濟大學,108192,醫學資訊學系(APCS組)
108,慈濟大學,108202,醫學系(繁星第八類)
109,臺北醫學大學,109012,醫學系
109,臺北醫學大學,109022,醫學系(公費生)
109,臺北醫學大學,109032,牙醫學系
109,臺北醫學大學,109042,藥學系藥學組
109,臺北醫學大學,109052,藥學系臨床藥學組
109,臺北醫學大學,109062,醫學檢驗暨生物技術學系
109,臺北醫學大學,109072,護理學系
109,臺北醫學大學,109082,保健營養學系
109,臺北醫學大學,109092,公共衛生學系
109,臺北醫學大學,109102,醫務管理學系
109,臺北醫學大學,109112,呼吸治療學系
109,臺北醫學大學,109122,高齡健康管理學系
109,臺北醫學大學,109132,牙體技術學系
109,臺北醫學大學,109142,口腔衛生學系
109,臺北醫學大學,109152,生物醫學工程學系
109,臺北醫學大學,109162,食品安全學系
109,臺北醫學大學,109172,展翅A組
109,臺北醫學大學,109182,展翅B組
109,臺北醫學大學,109192,醫學系(繁星第八類)
110,開南大學,110012,企業與創業管理學系
110,開南大學,110022,國際企業學系
110,開南大學,110032,會計學系
110,開南大學,110042,行銷學系
110,開南大學,110052,物流與航運管理學系
110,開南大學,110062,空運管理學系
110,開南大學,110072,觀光與餐飲旅館學系
110,開南大學,110082,交通運輸學系
110,開南大學,110092,休閒事業管理學系
110,開南大學,110102,資訊管理學系
110,開南大學,110112,資訊傳播學系
110,開南大學,110122,數位多媒體設計學系
110,開南大學,110132,電影與創意媒體學系
110,開南大學,110142,法律學系
110,開南大學,110152,應用日語學系
110,開南大學,110162,應用英語學系
110,開南大學,110172,保健營養學系
110,開南大學,110182,健康產業管理學系
110,開南大學,110192,養生與健康行銷學系
111,台灣首府大學,111012,餐旅管理學系
111,台灣首府大學,111022,烘焙管理學系
111,台灣首府大學,111032,飯店管理學系
111,台灣首府大學,111042,飯店管理學系(青年儲蓄帳戶組)
111,台灣首府大學,111052,觀光事業管理學系(休閒旅遊組)
111,台灣首府大學,111062,觀光事業管理學系(經營管理組)
111,台灣首府大學,111072,幼兒教育學系(師資培育學系)
113,中信金融管理學院,113012,財務金融學系
113,中信金融管理學院,113022,財經法律學系
113,中信金融管理學院,113032,企業管理學系
113,中信金融管理學院,113042,金融管理學院學士班
113,中信金融管理學院,113052,人工智慧學系
113,中信金融管理學院,113062,金融管理學院學士班(青年儲蓄帳戶組)
130,佛光大學,130012,文化資產與創意學系(文化創意組)
130,佛光大學,130022,文化資產與創意學系(文化觀光組)
130,佛光大學,130032,傳播學系(數位媒體組)
130,佛光大學,130042,傳播學系(廣告公關組)
130,佛光大學,130052,傳播學系(流行音樂傳播組)
130,佛光大學,130062,產品與媒體設計學系(創新商品設計組)
130,佛光大學,130072,產品與媒體設計學系(動態產品設計組)
130,佛光大學,130082,產品與媒體設計學系(數位視覺設計組)
130,佛光大學,130092,產品與媒體設計學系(創意媒體設計組)
130,佛光大學,130102,產品與媒體設計學系(青年儲蓄帳戶組)
130,佛光大學,130112,資訊應用學系(資訊系統與智慧應用組)
130,佛光大學,130122,資訊應用學系(網路與多媒體組)
130,佛光大學,130132,資訊應用學系(動畫與數位內容組)
130,佛光大學,130142,資訊應用學系(數位遊戲開發組)
130,佛光大學,130152,中國文學與應用學系
130,佛光大學,130162,歷史學系(史學經典與歷史創作組)
130,佛光大學,130172,歷史學系(圖像史學與數位人文組)
130,佛光大學,130182,外國語文學系
130,佛光大學,130192,社會學暨社會工作學系
130,佛光大學,130202,心理學系
130,佛光大學,130212,公共事務學系(國際與兩岸事務組)
130,佛光大學,130222,公共事務學系(行政管理組)
130,佛光大學,130232,管理學系(經營管理組)
130,佛光大學,130242,管理學系(行銷與創業組)
130,佛光大學,130252,管理學系(休閒事業管理組)
130,佛光大學,130262,應用經濟學系(財務金融組)
130,佛光大學,130272,應用經濟學系(經建行政組)
130,佛光大學,130282,應用經濟學系(國際商務組)
130,佛光大學,130292,未來與樂活產業學系
132,稻江科技暨管理學院,132012,幼兒教育學系(非師資培育系所)
132,稻江科技暨管理學院,132022,表演藝術學士學位學程
132,稻江科技暨管理學院,132032,動畫遊戲設計學系
132,稻江科技暨管理學院,132042,法律學士學位學程
132,稻江科技暨管理學院,132052,社會工作學系
133,明道大學,133012,企業管理學系
133,明道大學,133022,財務金融學系
133,明道大學,133032,行銷與物流學系
133,明道大學,133042,餐旅管理學系
133,明道大學,133052,休閒保健學系
133,明道大學,133062,精緻農業學系
133,明道大學,133072,資訊傳播學系
133,明道大學,133082,材料與能源工程學系
133,明道大學,133092,精緻農業學系(青年儲蓄帳戶組)
133,明道大學,133102,數位設計學系
133,明道大學,133112,時尚造形學系
133,明道大學,133122,景觀與環境設計學系
133,明道大學,133132,中國文學學系
133,明道大學,133142,應用英語學系
133,明道大學,133152,應用日語學系
134,亞洲大學,134012,健康產業管理學系健康產業管理組
134,亞洲大學,134022,健康產業管理學系醫療機構管理組
134,亞洲大學,134032,食品營養與保健生技學系食品營養組
134,亞洲大學,134042,食品營養與保健生技學系保健化妝品組
134,亞洲大學,134052,生物科技學系醫藥應用組
134,亞洲大學,134062,生物科技學系精緻農業暨生技產業管理組
134,亞洲大學,134072,心理學系心理師研修組
134,亞洲大學,134082,心理學系諮商與臨床心理組
134,亞洲大學,134092,心理學系工商與社會心理組
134,亞洲大學,134102,護理學系國際護理組
134,亞洲大學,134112,護理學系臨床照護組
134,亞洲大學,134122,護理學系高齡長期照護組
134,亞洲大學,134132,視光學系
134,亞洲大學,134142,聽力暨語言治療學系
134,亞洲大學,134152,職能治療學系
134,亞洲大學,134162,物理治療學系
134,亞洲大學,134172,生物資訊與醫學工程學系生醫資訊組
134,亞洲大學,134182,生物資訊與醫學工程學系醫學工程組
134,亞洲大學,134192,資訊工程學系人工智慧組
134,亞洲大學,134202,資訊工程學系數位內容與遊戲設計組
134,亞洲大學,134212,行動商務與多媒體應用學系多媒體應用組
134,亞洲大學,134222,行動商務與多媒體應用學系行動商務組
134,亞洲大學,134232,光電與通訊學系光電綠能組
134,亞洲大學,134242,光電與通訊學系通訊網路組
134,亞洲大學,134252,資訊傳播學系智慧互動應用組
134,亞洲大學,134262,資訊傳播學系新媒體傳播應用組
134,亞洲大學,134272,經營管理學系企業創新管理組
134,亞洲大學,134282,經營管理學系行銷管理組
134,亞洲大學,134292,經營管理學系國際企業管理組
134,亞洲大學,134302,休閒與遊憩管理學系餐旅事業管理組
134,亞洲大學,134312,休閒與遊憩管理學系旅遊事業管理組
134,亞洲大學,134322,會計與資訊學系財稅應用組
134,亞洲大學,134332,會計與資訊學系管理應用組
134,亞洲大學,134342,財務金融學系投資理財組
134,亞洲大學,134352,財務金融學系金融科技組
134,亞洲大學,134362,財經法律學系科技法律組
134,亞洲大學,134372,財經法律學系財經法律組
134,亞洲大學,134382,外國語文學系語文專業組
134,亞洲大學,134392,外國語文學系語文應用組
134,亞洲大學,134402,社會工作學系心理與家庭社工雙專業組
134,亞洲大學,134412,社會工作學系醫務與長期照顧社工雙專業組
134,亞洲大學,134422,幼兒教育學系文教產業組
134,亞洲大學,134432,幼兒教育學系幼教師資組
134,亞洲大學,134442,數位媒體設計學系數位動畫設計組
134,亞洲大學,134452,數位媒體設計學系數位遊戲設計組
134,亞洲大學,134462,視覺傳達設計學系
134,亞洲大學,134472,創意商品設計學系創意商品設計組
134,亞洲大學,134482,創意商品設計學系科技商品設計組
134,亞洲大學,134492,時尚設計學系時尚服裝設計組
134,亞洲大學,134502,時尚設計學系服飾創意設計組
134,亞洲大學,134512,室內設計學系商業空間組
134,亞洲大學,134522,室內設計學系住宅空間組
134,亞洲大學,134532,創意設計學院不分系國際設計學士班
134,亞洲大學,134542,資訊工程學系(青年儲蓄帳戶組)
134,亞洲大學,134552,行動商務與多媒體應用學系(青年儲蓄帳戶組)
134,亞洲大學,134562,資訊傳播學系(青年儲蓄帳戶組)
134,亞洲大學,134572,經營管理學系國際企業管理組(青年儲蓄帳戶組)
134,亞洲大學,134582,休閒與遊憩管理學系餐旅事業管理組(青年儲蓄帳戶組)
134,亞洲大學,134592,休閒與遊憩管理學系旅遊事業管理組(青年儲蓄帳戶組)
134,亞洲大學,134602,財務金融學系(青年儲蓄帳戶組)
134,亞洲大學,134612,財經法律學系財經法律組(青年儲蓄帳戶組)
134,亞洲大學,134622,外國語文學系(青年儲蓄帳戶組)
134,亞洲大學,134632,社會工作學系(青年儲蓄帳戶組)
134,亞洲大學,134642,數位媒體設計學系(青年儲蓄帳戶組)
150,國立宜蘭大學,150012,外國語文學系
150,國立宜蘭大學,150022,應用經濟與管理學系
150,國立宜蘭大學,150032,休閒產業與健康促進學系
150,國立宜蘭大學,150042,土木工程學系
150,國立宜蘭大學,150052,機械與機電工程學系
150,國立宜蘭大學,150062,化學工程與材料工程學系
150,國立宜蘭大學,150072,環境工程學系
150,國立宜蘭大學,150082,生物機電工程學系
150,國立宜蘭大學,150092,食品科學系
150,國立宜蘭大學,150102,生物技術與動物科學系
150,國立宜蘭大學,150112,森林暨自然資源學系
150,國立宜蘭大學,150122,園藝學系
150,國立宜蘭大學,150132,電機工程學系
150,國立宜蘭大學,150142,電子工程學系
150,國立宜蘭大學,150152,資訊工程學系
151,國立聯合大學,151012,機械工程學系
151,國立聯合大學,151022,化學工程學系
151,國立聯合大學,151032,土木與防災工程學系
151,國立聯合大學,151042,材料科學工程學系
151,國立聯合大學,151052,環境與安全衛生工程學系
151,國立聯合大學,151062,能源工程學系
151,國立聯合大學,151072,建築學系
151,國立聯合大學,151082,工業設計學系
151,國立聯合大學,151092,電機工程學系
151,國立聯合大學,151102,電子工程學系
151,國立聯合大學,151112,光電工程學系
151,國立聯合大學,151122,資訊工程學系
151,國立聯合大學,151132,資訊工程學系(APCS組)
151,國立聯合大學,151142,經營管理學系
151,國立聯合大學,151152,資訊管理學系
151,國立聯合大學,151162,資訊管理學系(APCS組)
151,國立聯合大學,151172,財務金融學系
151,國立聯合大學,151182,臺灣語文與傳播學系
151,國立聯合大學,151192,華語文學系
151,國立聯合大學,151202,文化觀光產業學系
151,國立聯合大學,151212,文化創意與數位行銷學系
152,馬偕醫學院,152012,醫學系
152,馬偕醫學院,152022,護理學系
152,馬偕醫學院,152032,護理學系(青年儲蓄帳戶組)
152,馬偕醫學院,152042,聽力暨語言治療學系聽力組
152,馬偕醫學院,152052,聽力暨語言治療學系語言組
152,馬偕醫學院,152062,醫學系(繁星第八類)
153,國立金門大學,153012,應用英語學系
153,國立金門大學,153022,運動與休閒學系
153,國立金門大學,153032,企業管理學系
153,國立金門大學,153042,電子工程學系
153,國立金門大學,153052,食品科學系
153,國立金門大學,153062,土木與工程管理學系
153,國立金門大學,153072,觀光管理學系
153,國立金門大學,153082,資訊工程學系
153,國立金門大學,153092,建築學系
153,國立金門大學,153102,國際暨大陸事務學系
153,國立金門大學,153112,華語文學系
153,國立金門大學,153122,海洋與邊境管理學系
153,國立金門大學,153132,工業工程與管理學系
153,國立金門大學,153142,護理學系
153,國立金門大學,153152,長期照護學系
153,國立金門大學,153162,社會工作學系
153,國立金門大學,153172,都市計畫與景觀學系
154,臺北基督學院,154012,基督教博雅學系
